date,usd_jpy
2016-05-26,122.8152
2016-05-27,109.1277
2016-05-28,121.1136
2016-05-29,142.9632
2016-05-30,124.4015
2016-05-31,146.9575
2016-06-01,106.468
2016-06-02,125.1348
2016-06-03,126.0864
2016-06-04,102.2684
2016-06-05,108.6105
2016-06-06,121.4021
2016-06-07,110.9943
2016-06-08,119.6239
2016-06-09,116.4771
2016-06-10,112.5764
2016-06-11,91.5243
2016-06-12,118.6023
2016-06-13,169.2209
2016-06-14,132.8165
2016-06-15,162.2269
2016-06-16,147.3285
2016-06-17,133.7846
2016-06-18,125.7172
2016-06-19,150.0897
2016-06-20,155.0137
2016-06-21,129.7633
2016-06-22,132.8461
2016-06-23,125.4878
2016-06-24,116.615
2016-06-25,90.5534
2016-06-26,123.2486
2016-06-27,155.485
2016-06-28,158.8802
2016-06-29,116.7734
2016-06-30,130.3423
2016-07-01,115.2543
2016-07-02,104.3753
2016-07-03,144.1678
2016-07-04,112.7855
2016-07-05,134.3503
2016-07-06,107.7511
2016-07-07,102.4697
2016-07-08,123.5731
2016-07-09,124.752
2016-07-10,155.7462
2016-07-11,121.5562
2016-07-12,95.1361
2016-07-13,112.8817
2016-07-14,116.855
2016-07-15,116.7879
2016-07-16,103.6707
2016-07-17,111.2596
2016-07-18,118.9001
2016-07-19,112.3756
2016-07-20,100.1996
2016-07-21,127.4285
2016-07-22,112.999
2016-07-23,162.608
2016-07-24,101.4389
2016-07-25,134.8572
2016-07-26,169.6855
2016-07-27,108.8444
2016-07-28,165.2622
2016-07-29,145.0137
2016-07-30,161.4831
2016-07-31,150.428
2016-08-01,96.6027
2016-08-02,104.056
2016-08-03,116.825
2016-08-04,112.367
2016-08-05,90.1657
2016-08-06,100.6086
2016-08-07,156.5455
2016-08-08,159.2225
2016-08-09,151.8223
2016-08-10,105.3207
2016-08-11,151.3402
2016-08-12,129.2939
2016-08-13,95.5924
2016-08-14,101.7685
2016-08-15,121.5043
2016-08-16,115.8632
2016-08-17,146.8666
2016-08-18,149.4944
2016-08-19,148.8526
2016-08-20,99.8723
2016-08-21,108.7157
2016-08-22,156.1767
2016-08-23,130.8481
2016-08-24,157.1252
2016-08-25,145.8684
2016-08-26,115.6575
2016-08-27,147.8206
2016-08-28,150.522
2016-08-29,141.7246
2016-08-30,105.9522
2016-08-31,165.4558
2016-09-01,121.9199
2016-09-02,112.5758
2016-09-03,144.0918
2016-09-04,153.8117
2016-09-05,165.7359
2016-09-06,96.4817
2016-09-07,101.4632
2016-09-08,110.2768
2016-09-09,139.3808
2016-09-10,128.7918
2016-09-11,109.2554
2016-09-12,111.8841
2016-09-13,130.1383
2016-09-14,107.6711
2016-09-15,126.5936
2016-09-16,95.5701
2016-09-17,162.0832
2016-09-18,130.6064
2016-09-19,93.2909
2016-09-20,90.494
2016-09-21,121.867
2016-09-22,101.2154
2016-09-23,166.6877
2016-09-24,143.4395
2016-09-25,143.6556
2016-09-26,166.0933
2016-09-27,118.4784
2016-09-28,112.7649
2016-09-29,145.1754
2016-09-30,122.7792
2016-10-01,151.2814
2016-10-02,118.262
2016-10-03,111.1692
2016-10-04,97.799
2016-10-05,107.9759
2016-10-06,142.9952
2016-10-07,102.4477
2016-10-08,164.7415
2016-10-09,140.3469
2016-10-10,115.0642
2016-10-11,130.0191
2016-10-12,110.5805
2016-10-13,106.2219
2016-10-14,91.9582
2016-10-15,96.3854
2016-10-16,119.5313
2016-10-17,100.2924
2016-10-18,159.6771
2016-10-19,157.1575
2016-10-20,160.5791
2016-10-21,105.0578
2016-10-22,151.5669
2016-10-23,122.4693
2016-10-24,98.2278
2016-10-25,98.5001
2016-10-26,128.1245
2016-10-27,163.7067
2016-10-28,158.9885
2016-10-29,99.8962
2016-10-30,142.336
2016-10-31,101.7587
2016-11-01,131.8929
2016-11-02,169.7398
2016-11-03,104.7532
2016-11-04,108.4417
2016-11-05,147.6714
2016-11-06,144.0869
2016-11-07,119.894
2016-11-08,153.5869
2016-11-09,98.6096
2016-11-10,124.4713
2016-11-11,124.3448
2016-11-12,119.2022
2016-11-13,93.9289
2016-11-14,141.8041
2016-11-15,142.896
2016-11-16,125.0333
2016-11-17,110.5525
2016-11-18,118.3878
2016-11-19,93.6375
2016-11-20,167.814
2016-11-21,166.132
2016-11-22,137.0725
2016-11-23,123.0902
2016-11-24,167.3315
2016-11-25,109.9444
2016-11-26,127.8042
2016-11-27,112.4596
2016-11-28,124.1055
2016-11-29,94.96
2016-11-30,119.8079
2016-12-01,104.9022
2016-12-02,105.3122
2016-12-03,161.3536
2016-12-04,95.2285
2016-12-05,99.846
2016-12-06,122.4232
2016-12-07,107.2778
2016-12-08,122.2734
2016-12-09,143.7288
2016-12-10,129.4436
2016-12-11,148.0479
2016-12-12,169.4926
2016-12-13,115.5285
2016-12-14,129.479
2016-12-15,116.9509
2016-12-16,130.4787
2016-12-17,156.8633
2016-12-18,98.8794
2016-12-19,155.9281
2016-12-20,155.3465
2016-12-21,138.8391
2016-12-22,164.4251
2016-12-23,142.9672
2016-12-24,134.0063
2016-12-25,159.159
2016-12-26,144.2492
2016-12-27,145.5369
2016-12-28,92.7291
2016-12-29,91.6821
2016-12-30,110.2922
2016-12-31,168.1255
2017-01-01,136.6552
2017-01-02,165.338
2017-01-03,134.2048
2017-01-04,118.5045
2017-01-05,127.0099
2017-01-06,113.142
2017-01-07,114.2391
2017-01-08,163.1696
2017-01-09,105.611
2017-01-10,117.0984
2017-01-11,165.4234
2017-01-12,153.2243
2017-01-13,135.916
2017-01-14,139.9126
2017-01-15,123.3474
2017-01-16,116.4404
2017-01-17,98.123
2017-01-18,151.8645
2017-01-19,119.9764
2017-01-20,111.5448
2017-01-21,109.2199
2017-01-22,148.9178
2017-01-23,131.1655
2017-01-24,162.2826
2017-01-25,123.8417
2017-01-26,131.7518
2017-01-27,132.7361
2017-01-28,99.2998
2017-01-29,93.6462
2017-01-30,142.8149
2017-01-31,112.4357
2017-02-01,115.4128
2017-02-02,115.3191
2017-02-03,105.2109
2017-02-04,148.6323
2017-02-05,153.5788
2017-02-06,160.8929
2017-02-07,100.8059
2017-02-08,135.6875
2017-02-09,132.4864
2017-02-10,138.4007
2017-02-11,90.2683
2017-02-12,106.2913
2017-02-13,90.449
2017-02-14,150.3056
2017-02-15,139.3853
2017-02-16,146.8718
2017-02-17,168.5316
2017-02-18,100.7597
2017-02-19,118.0787
2017-02-20,166.4477
2017-02-21,110.3444
2017-02-22,134.7775
2017-02-23,93.9149
2017-02-24,95.8408
2017-02-25,119.9895
2017-02-26,167.8739
2017-02-27,115.9403
2017-02-28,140.0532
2017-03-01,164.5404
2017-03-02,128.8102
2017-03-03,91.5306
2017-03-04,133.7686
2017-03-05,126.7779
2017-03-06,120.3447
2017-03-07,118.7601
2017-03-08,123.1952
2017-03-09,99.7974
2017-03-10,157.8704
2017-03-11,123.3464
2017-03-12,104.9275
2017-03-13,110.3239
2017-03-14,154.822
2017-03-15,161.9071
2017-03-16,102.6691
2017-03-17,163.9199
2017-03-18,164.2174
2017-03-19,130.2224
2017-03-20,146.4264
2017-03-21,144.4334
2017-03-22,126.9503
2017-03-23,137.8274
2017-03-24,147.8197
2017-03-25,152.1195
2017-03-26,144.5788
2017-03-27,163.4666
2017-03-28,124.8018
2017-03-29,148.7174
2017-03-30,92.9292
2017-03-31,149.2495
2017-04-01,153.0152
2017-04-02,124.0613
2017-04-03,110.2593
2017-04-04,94.8446
2017-04-05,141.4062
2017-04-06,165.0598
2017-04-07,160.1856
2017-04-08,135.4342
2017-04-09,165.5473
2017-04-10,98.4173
2017-04-11,160.628
2017-04-12,131.7016
2017-04-13,119.5122
2017-04-14,91.2678
2017-04-15,100.3455
2017-04-16,97.038
2017-04-17,143.237
2017-04-18,132.9787
2017-04-19,121.0251
2017-04-20,116.8998
2017-04-21,140.32
2017-04-22,103.8663
2017-04-23,150.1098
2017-04-24,110.8645
2017-04-25,136.9256
2017-04-26,111.2382
2017-04-27,93.8991
2017-04-28,168.3797
2017-04-29,137.8595
2017-04-30,107.2031
2017-05-01,151.2728
2017-05-02,169.5027
2017-05-03,126.0277
2017-05-04,119.101
2017-05-05,107.6678
2017-05-06,98.8112
2017-05-07,124.629
2017-05-08,92.0949
2017-05-09,145.7368
2017-05-10,96.0195
2017-05-11,124.654
2017-05-12,131.2646
2017-05-13,104.5563
2017-05-14,119.0577
2017-05-15,114.536
2017-05-16,118.2937
2017-05-17,118.6996
2017-05-18,134.4101
2017-05-19,145.0656
2017-05-20,98.0535
2017-05-21,110.4653
2017-05-22,95.7529
2017-05-23,104.9653
2017-05-24,111.5771
2017-05-25,166.1439
2017-05-26,127.2932
2017-05-27,106.9889
2017-05-28,146.0894
2017-05-29,139.498
2017-05-30,131.2925
2017-05-31,131.8347
2017-06-01,128.1156
2017-06-02,131.6289
2017-06-03,155.3907
2017-06-04,108.6664
2017-06-05,111.6024
2017-06-06,90.0514
2017-06-07,142.0365
2017-06-08,124.9603
2017-06-09,154.0964
2017-06-10,112.9753
2017-06-11,154.7518
2017-06-12,154.9636
2017-06-13,100.8496
2017-06-14,165.2967
2017-06-15,106.1252
2017-06-16,148.3684
2017-06-17,128.9219
2017-06-18,108.4115
2017-06-19,152.1744
2017-06-20,108.4655
2017-06-21,121.418
2017-06-22,115.723
2017-06-23,138.7325
2017-06-24,137.8993
2017-06-25,108.5089
2017-06-26,106.1093
2017-06-27,100.365
2017-06-28,101.9764
2017-06-29,142.3279
2017-06-30,169.2848
2017-07-01,101.3239
2017-07-02,156.2692
2017-07-03,120.0633
2017-07-04,123.9943
2017-07-05,145.078
2017-07-06,136.4593
2017-07-07,105.8805
2017-07-08,103.3641
2017-07-09,103.301
2017-07-10,167.8535
2017-07-11,104.4775
2017-07-12,119.746
2017-07-13,165.7696
2017-07-14,96.7256
2017-07-15,114.1353
2017-07-16,96.9813
2017-07-17,129.5373
2017-07-18,90.3238
2017-07-19,129.626
2017-07-20,168.5552
2017-07-21,129.9187
2017-07-22,108.505
2017-07-23,95.3675
2017-07-24,99.8013
2017-07-25,100.2601
2017-07-26,128.0622
2017-07-27,114.9467
2017-07-28,127.816
2017-07-29,167.1955
2017-07-30,164.7125
2017-07-31,137.0774
2017-08-01,149.3507
2017-08-02,169.3236
2017-08-03,169.6049
2017-08-04,166.6137
2017-08-05,161.7
2017-08-06,117.9421
2017-08-07,93.5866
2017-08-08,135.6203
2017-08-09,114.2397
2017-08-10,133.8306
2017-08-11,132.9408
2017-08-12,116.8633
2017-08-13,94.9531
2017-08-14,106.1418
2017-08-15,114.5036
2017-08-16,100.1617
2017-08-17,147.6666
2017-08-18,145.1536
2017-08-19,155.9573
2017-08-20,122.8042
2017-08-21,140.5722
2017-08-22,99.4264
2017-08-23,96.6793
2017-08-24,111.1582
2017-08-25,152.2917
2017-08-26,103.3783
2017-08-27,110.037
2017-08-28,118.039
2017-08-29,134.2546
2017-08-30,157.5394
2017-08-31,128.2803
2017-09-01,134.8906
2017-09-02,124.5342
2017-09-03,139.9692
2017-09-04,168.0896
2017-09-05,142.1354
2017-09-06,134.7203
2017-09-07,100.4477
2017-09-08,91.353
2017-09-09,100.4883
2017-09-10,128.0773
2017-09-11,161.3805
2017-09-12,149.5103
2017-09-13,105.001
2017-09-14,136.9393
2017-09-15,108.7877
2017-09-16,120.1794
2017-09-17,113.637
2017-09-18,134.7546
2017-09-19,94.7437
2017-09-20,135.0348
2017-09-21,134.3944
2017-09-22,117.3667
2017-09-23,149.2458
2017-09-24,94.76
2017-09-25,153.5702
2017-09-26,117.0871
2017-09-27,118.7106
2017-09-28,131.823
2017-09-29,93.5055
2017-09-30,134.6085
2017-10-01,146.7623
2017-10-02,141.9656
2017-10-03,106.4616
2017-10-04,127.0251
2017-10-05,114.3725
2017-10-06,151.0204
2017-10-07,136.7054
2017-10-08,161.5184
2017-10-09,94.8249
2017-10-10,114.6996
2017-10-11,167.3436
2017-10-12,123.7566
2017-10-13,123.8352
2017-10-14,156.6149
2017-10-15,103.7464
2017-10-16,122.2495
2017-10-17,96.33
2017-10-18,118.7354
2017-10-19,93.2883
2017-10-20,106.0775
2017-10-21,134.0824
2017-10-22,112.94
2017-10-23,99.7131
2017-10-24,128.9022
2017-10-25,162.0444
2017-10-26,120.1117
2017-10-27,123.5634
2017-10-28,109.6822
2017-10-29,148.7354
2017-10-30,103.0126
2017-10-31,104.9817
2017-11-01,119.7905
2017-11-02,149.7966
2017-11-03,96.3497
2017-11-04,126.7943
2017-11-05,140.7106
2017-11-06,153.0046
2017-11-07,100.0921
2017-11-08,139.7344
2017-11-09,141.0135
2017-11-10,124.0429
2017-11-11,150.7992
2017-11-12,122.5654
2017-11-13,92.2301
2017-11-14,124.0018
2017-11-15,126.0102
2017-11-16,117.4737
2017-11-17,106.9408
2017-11-18,136.6887
2017-11-19,99.719
2017-11-20,125.788
2017-11-21,119.4925
2017-11-22,99.506
2017-11-23,162.2554
2017-11-24,109.0291
2017-11-25,94.4813
2017-11-26,94.8211
2017-11-27,169.889
2017-11-28,153.1123
2017-11-29,156.6474
2017-11-30,168.365
2017-12-01,139.4216
2017-12-02,108.2993
2017-12-03,143.3673
2017-12-04,145.2218
2017-12-05,158.502
2017-12-06,162.2809
2017-12-07,108.2102
2017-12-08,146.5026
2017-12-09,92.8371
2017-12-10,168.7869
2017-12-11,121.4266
2017-12-12,102.2927
2017-12-13,144.913
2017-12-14,113.927
2017-12-15,147.3381
2017-12-16,107.8998
2017-12-17,121.1917
2017-12-18,114.3361
2017-12-19,160.7816
2017-12-20,137.5765
2017-12-21,148.116
2017-12-22,91.8281
2017-12-23,94.638
2017-12-24,122.2047
2017-12-25,131.8574
2017-12-26,138.6487
2017-12-27,126.73
2017-12-28,101.8691
2017-12-29,160.7557
2017-12-30,146.0099
2017-12-31,109.1806
2018-01-01,135.5795
2018-01-02,116.0457
2018-01-03,152.5984
2018-01-04,110.5395
2018-01-05,147.6574
2018-01-06,111.7362
2018-01-07,165.3054
2018-01-08,116.0327
2018-01-09,150.738
2018-01-10,109.202
2018-01-11,168.2707
2018-01-12,93.6542
2018-01-13,153.8115
2018-01-14,148.7034
2018-01-15,166.4444
2018-01-16,142.9805
2018-01-17,96.7972
2018-01-18,119.2929
2018-01-19,166.9804
2018-01-20,123.3505
2018-01-21,103.0452
2018-01-22,104.2801
2018-01-23,136.2519
2018-01-24,130.0346
2018-01-25,116.3991
2018-01-26,148.0892
2018-01-27,162.5583
2018-01-28,103.2209
2018-01-29,104.718
2018-01-30,101.1862
2018-01-31,116.8675
2018-02-01,160.2773
2018-02-02,99.1001
2018-02-03,153.8076
2018-02-04,155.4637
2018-02-05,148.0786
2018-02-06,136.255
2018-02-07,159.1063
2018-02-08,142.3272
2018-02-09,102.775
2018-02-10,149.913
2018-02-11,139.1267
2018-02-12,165.3765
2018-02-13,164.6746
2018-02-14,163.9875
2018-02-15,104.5619
2018-02-16,168.2796
2018-02-17,164.9942
2018-02-18,100.3835
2018-02-19,115.2145
2018-02-20,151.0511
2018-02-21,139.6331
2018-02-22,128.9507
2018-02-23,106.3306
2018-02-24,94.8606
2018-02-25,99.8145
2018-02-26,129.0746
2018-02-27,95.1961
2018-02-28,113.654
2018-03-01,104.9054
2018-03-02,123.3565
2018-03-03,115.4816
2018-03-04,157.9097
2018-03-05,149.0952
2018-03-06,128.0991
2018-03-07,157.194
2018-03-08,137.8161
2018-03-09,94.2359
2018-03-10,142.7516
2018-03-11,99.2686
2018-03-12,142.1303
2018-03-13,138.9306
2018-03-14,128.5504
2018-03-15,106.5316
2018-03-16,161.3657
2018-03-17,108.4842
2018-03-18,121.209
2018-03-19,111.5243
2018-03-20,139.1201
2018-03-21,98.6322
2018-03-22,162.5022
2018-03-23,130.2111
2018-03-24,159.2611
2018-03-25,140.663
2018-03-26,140.0952
2018-03-27,95.4571
2018-03-28,103.1515
2018-03-29,138.3405
2018-03-30,120.2681
2018-03-31,115.8037
2018-04-01,135.7797
2018-04-02,134.8473
2018-04-03,158.0519
2018-04-04,146.3628
2018-04-05,109.0138
2018-04-06,126.9124
2018-04-07,96.6989
2018-04-08,106.9723
2018-04-09,116.231
2018-04-10,123.186
2018-04-11,162.3964
2018-04-12,90.8904
2018-04-13,169.3943
2018-04-14,115.3587
2018-04-15,158.7065
2018-04-16,116.4264
2018-04-17,153.0345
2018-04-18,116.8999
2018-04-19,113.4772
2018-04-20,168.8027
2018-04-21,155.7648
2018-04-22,139.2833
2018-04-23,150.2195
2018-04-24,131.0141
2018-04-25,162.7762
2018-04-26,164.2114
2018-04-27,149.522
2018-04-28,94.7891
2018-04-29,96.6195
2018-04-30,155.8105
2018-05-01,121.8691
2018-05-02,160.2921
2018-05-03,105.452
2018-05-04,127.6903
2018-05-05,143.3602
2018-05-06,135.0113
2018-05-07,111.4266
2018-05-08,165.5247
2018-05-09,134.3714
2018-05-10,153.4633
2018-05-11,106.256
2018-05-12,116.7031
2018-05-13,149.9392
2018-05-14,93.8379
2018-05-15,150.8576
2018-05-16,160.2218
2018-05-17,169.1151
2018-05-18,150.0564
2018-05-19,94.1397
2018-05-20,102.5648
2018-05-21,152.8236
2018-05-22,122.0203
2018-05-23,164.7504
2018-05-24,90.1757
2018-05-25,158.2879
2018-05-26,107.3932
2018-05-27,99.3338
2018-05-28,109.9683
2018-05-29,119.8356
2018-05-30,106.5878
2018-05-31,128.9773
2018-06-01,139.3168
2018-06-02,124.2992
2018-06-03,129.2718
2018-06-04,114.7422
2018-06-05,143.7356
2018-06-06,159.5936
2018-06-07,148.0472
2018-06-08,139.3413
2018-06-09,143.5293
2018-06-10,96.189
2018-06-11,124.2484
2018-06-12,158.0049
2018-06-13,102.4306
2018-06-14,154.8437
2018-06-15,157.3404
2018-06-16,99.9135
2018-06-17,159.8689
2018-06-18,155.5425
2018-06-19,162.5944
2018-06-20,106.9501
2018-06-21,96.1563
2018-06-22,108.063
2018-06-23,97.9605
2018-06-24,135.902
2018-06-25,92.6703
2018-06-26,106.2261
2018-06-27,162.7713
2018-06-28,164.8941
2018-06-29,122.5891
2018-06-30,102.2241
2018-07-01,140.6644
2018-07-02,105.2525
2018-07-03,159.4035
2018-07-04,150.8636
2018-07-05,117.1815
2018-07-06,165.1208
2018-07-07,114.1493
2018-07-08,132.3931
2018-07-09,113.5184
2018-07-10,94.0141
2018-07-11,134.641
2018-07-12,90.6293
2018-07-13,166.7218
2018-07-14,105.8259
2018-07-15,164.3214
2018-07-16,128.2004
2018-07-17,154.8908
2018-07-18,168.5429
2018-07-19,145.6
2018-07-20,111.0931
2018-07-21,161.5861
2018-07-22,140.485
2018-07-23,145.9136
2018-07-24,96.0177
2018-07-25,124.6868
2018-07-26,158.3481
2018-07-27,130.9785
2018-07-28,142.1564
2018-07-29,96.4905
2018-07-30,115.2107
2018-07-31,150.0916
2018-08-01,92.8105
2018-08-02,127.5025
2018-08-03,93.1545
2018-08-04,120.1696
2018-08-05,99.7045
2018-08-06,142.9684
2018-08-07,130.0176
2018-08-08,118.3714
2018-08-09,109.4752
2018-08-10,165.8355
2018-08-11,145.9653
2018-08-12,91.6776
2018-08-13,160.3095
2018-08-14,150.4209
2018-08-15,151.7933
2018-08-16,118.2281
2018-08-17,168.4996
2018-08-18,101.9008
2018-08-19,161.1618
2018-08-20,115.6057
2018-08-21,149.3752
2018-08-22,90.5127
2018-08-23,133.531
2018-08-24,151.8462
2018-08-25,162.4112
2018-08-26,127.8153
2018-08-27,126.7475
2018-08-28,103.2281
2018-08-29,157.4827
2018-08-30,165.5738
2018-08-31,120.3873
2018-09-01,133.1594
2018-09-02,101.887
2018-09-03,152.0164
2018-09-04,124.4104
2018-09-05,156.8063
2018-09-06,169.3839
2018-09-07,93.014
2018-09-08,109.7841
2018-09-09,134.8202
2018-09-10,97.8353
2018-09-11,167.0489
2018-09-12,120.7419
2018-09-13,163.8954
2018-09-14,151.1416
2018-09-15,107.4253
2018-09-16,134.3622
2018-09-17,125.1529
2018-09-18,124.85
2018-09-19,101.3278
2018-09-20,161.3663
2018-09-21,151.8865
2018-09-22,137.5067
2018-09-23,144.239
2018-09-24,127.5338
2018-09-25,151.0668
2018-09-26,123.4461
2018-09-27,113.8862
2018-09-28,122.843
2018-09-29,137.7885
2018-09-30,159.7011
2018-10-01,141.6867
2018-10-02,101.6051
2018-10-03,151.1155
2018-10-04,138.3465
2018-10-05,129.0766
2018-10-06,137.2174
2018-10-07,123.622
2018-10-08,99.8797
2018-10-09,109.7985
2018-10-10,151.1016
2018-10-11,122.4066
2018-10-12,140.4876
2018-10-13,140.6793
2018-10-14,113.662
2018-10-15,157.5404
2018-10-16,148.8573
2018-10-17,92.213
2018-10-18,163.4351
2018-10-19,100.0051
2018-10-20,169.0023
2018-10-21,101.4299
2018-10-22,162.8499
2018-10-23,94.4901
2018-10-24,146.9826
2018-10-25,162.5078
2018-10-26,118.0461
2018-10-27,95.2073
2018-10-28,97.2581
2018-10-29,128.7117
2018-10-30,167.6568
2018-10-31,143.3787
2018-11-01,141.3249
2018-11-02,98.497
2018-11-03,168.7578
2018-11-04,149.863
2018-11-05,133.0652
2018-11-06,98.1253
2018-11-07,152.6741
2018-11-08,106.0737
2018-11-09,157.9013
2018-11-10,98.5875
2018-11-11,169.0369
2018-11-12,163.7665
2018-11-13,106.801
2018-11-14,122.5997
2018-11-15,161.032
2018-11-16,124.7427
2018-11-17,132.0242
2018-11-18,91.2864
2018-11-19,150.5979
2018-11-20,115.9902
2018-11-21,110.1407
2018-11-22,103.998
2018-11-23,120.5156
2018-11-24,132.2909
2018-11-25,129.1767
2018-11-26,167.8315
2018-11-27,134.7949
2018-11-28,169.3533
2018-11-29,146.3848
2018-11-30,112.8251
2018-12-01,109.6733
2018-12-02,144.584
2018-12-03,92.2787
2018-12-04,118.3513
2018-12-05,98.7136
2018-12-06,117.8589
2018-12-07,129.8713
2018-12-08,138.6742
2018-12-09,98.3772
2018-12-10,99.4616
2018-12-11,164.9003
2018-12-12,149.1981
2018-12-13,144.2969
2018-12-14,105.406
2018-12-15,113.7413
2018-12-16,101.6027
2018-12-17,129.6054
2018-12-18,121.3554
2018-12-19,165.727
2018-12-20,155.9506
2018-12-21,151.5885
2018-12-22,128.3915
2018-12-23,149.7326
2018-12-24,136.4103
2018-12-25,108.9709
2018-12-26,165.5396
2018-12-27,133.1289
2018-12-28,134.0813
2018-12-29,122.4239
2018-12-30,113.0216
2018-12-31,149.9292
2019-01-01,132.8458
2019-01-02,94.5717
2019-01-03,158.9534
2019-01-04,125.7579
2019-01-05,91.8689
2019-01-06,132.2719
2019-01-07,93.8469
2019-01-08,147.1624
2019-01-09,163.5144
2019-01-10,113.8776
2019-01-11,166.0855
2019-01-12,113.7118
2019-01-13,131.3503
2019-01-14,137.4661
2019-01-15,168.1902
2019-01-16,95.7225
2019-01-17,121.3268
2019-01-18,151.1257
2019-01-19,165.2012
2019-01-20,149.7503
2019-01-21,102.515
2019-01-22,98.6959
2019-01-23,144.0212
2019-01-24,125.9313
2019-01-25,132.9277
2019-01-26,95.8117
2019-01-27,155.9042
2019-01-28,103.0938
2019-01-29,158.8971
2019-01-30,157.9214
2019-01-31,129.5349
2019-02-01,127.6807
2019-02-02,167.4057
2019-02-03,156.2889
2019-02-04,169.4326
2019-02-05,159.2243
2019-02-06,102.8024
2019-02-07,93.2386
2019-02-08,164.9237
2019-02-09,134.2664
2019-02-10,151.0324
2019-02-11,146.045
2019-02-12,110.9242
2019-02-13,114.3718
2019-02-14,120.5426
2019-02-15,117.1175
2019-02-16,149.4096
2019-02-17,110.2808
2019-02-18,157.3831
2019-02-19,148.6872
2019-02-20,126.4829
2019-02-21,155.1694
2019-02-22,153.1212
2019-02-23,114.6368
2019-02-24,109.59
2019-02-25,136.6075
2019-02-26,152.907
2019-02-27,116.0034
2019-02-28,98.2908
2019-03-01,120.6768
2019-03-02,92.5883
2019-03-03,169.779
2019-03-04,133.364
2019-03-05,126.4844
2019-03-06,105.348
2019-03-07,135.6011
2019-03-08,96.4116
2019-03-09,94.0551
2019-03-10,167.0575
2019-03-11,119.2329
2019-03-12,157.0219
2019-03-13,99.7743
2019-03-14,115.9745
2019-03-15,120.6607
2019-03-16,158.0514
2019-03-17,94.5061
2019-03-18,160.7732
2019-03-19,102.7053
2019-03-20,149.2107
2019-03-21,165.7069
2019-03-22,96.5867
2019-03-23,108.154
2019-03-24,122.7115
2019-03-25,159.8487
2019-03-26,98.2767
2019-03-27,124.9633
2019-03-28,106.2646
2019-03-29,125.2591
2019-03-30,91.3129
2019-03-31,128.3465
2019-04-01,129.3484
2019-04-02,110.9605
2019-04-03,124.5997
2019-04-04,169.9137
2019-04-05,98.8877
2019-04-06,141.1245
2019-04-07,143.5686
2019-04-08,147.874
2019-04-09,143.6214
2019-04-10,144.2909
2019-04-11,96.9502
2019-04-12,145.271
2019-04-13,99.2133
2019-04-14,137.2346
2019-04-15,93.0941
2019-04-16,108.415
2019-04-17,109.728
2019-04-18,155.1694
2019-04-19,108.021
2019-04-20,123.3349
2019-04-21,139.7355
2019-04-22,165.4128
2019-04-23,135.5324
2019-04-24,163.7652
2019-04-25,154.5194
2019-04-26,91.8104
2019-04-27,117.1704
2019-04-28,108.3495
2019-04-29,96.7456
2019-04-30,103.6701
2019-05-01,154.1572
2019-05-02,161.6189
2019-05-03,131.1132
2019-05-04,111.3616
2019-05-05,133.1995
2019-05-06,104.5708
2019-05-07,113.4852
2019-05-08,113.5497
2019-05-09,158.1194
2019-05-10,152.8881
2019-05-11,112.1995
2019-05-12,110.8034
2019-05-13,136.2511
2019-05-14,91.4361
2019-05-15,149.1829
2019-05-16,166.2415
2019-05-17,123.1242
2019-05-18,120.5618
2019-05-19,90.002
2019-05-20,90.6265
2019-05-21,146.1345
2019-05-22,144.4368
2019-05-23,93.4886
2019-05-24,151.1018
2019-05-25,151.3216
2019-05-26,111.5415
2019-05-27,110.8418
2019-05-28,117.2155
2019-05-29,131.5194
2019-05-30,113.3601
2019-05-31,156.6734
2019-06-01,97.4682
2019-06-02,143.0396
2019-06-03,168.4988
2019-06-04,144.1918
2019-06-05,101.513
2019-06-06,142.3234
2019-06-07,110.5589
2019-06-08,130.7928
2019-06-09,91.3503
2019-06-10,103.1879
2019-06-11,167.6938
2019-06-12,109.1161
2019-06-13,93.3229
2019-06-14,108.0474
2019-06-15,123.0486
2019-06-16,108.9411
2019-06-17,150.6175
2019-06-18,114.9915
2019-06-19,131.2569
2019-06-20,103.0658
2019-06-21,93.2497
2019-06-22,130.5004
2019-06-23,154.1465
2019-06-24,123.1743
2019-06-25,116.9944
2019-06-26,156.646
2019-06-27,91.187
2019-06-28,150.7743
2019-06-29,134.1705
2019-06-30,116.9846
2019-07-01,152.4374
2019-07-02,104.1474
2019-07-03,136.437
2019-07-04,163.9819
2019-07-05,123.3787
2019-07-06,115.9217
2019-07-07,156.2397
2019-07-08,164.9102
2019-07-09,122.3622
2019-07-10,118.948
2019-07-11,135.6272
2019-07-12,112.6311
2019-07-13,155.8713
2019-07-14,106.2709
2019-07-15,143.2414
2019-07-16,95.338
2019-07-17,106.2439
2019-07-18,151.8196
2019-07-19,109.6028
2019-07-20,156.1446
2019-07-21,127.9216
2019-07-22,102.7991
2019-07-23,124.1001
2019-07-24,163.4413
2019-07-25,157.7244
2019-07-26,103.5917
2019-07-27,146.006
2019-07-28,110.9153
2019-07-29,168.0016
2019-07-30,142.295
2019-07-31,101.6331
2019-08-01,121.381
2019-08-02,117.3197
2019-08-03,162.6362
2019-08-04,156.8373
2019-08-05,138.5882
2019-08-06,168.1911
2019-08-07,122.4174
2019-08-08,142.9309
2019-08-09,94.9675
2019-08-10,95.8792
2019-08-11,121.5952
2019-08-12,150.0863
2019-08-13,107.8025
2019-08-14,161.7854
2019-08-15,135.9128
2019-08-16,157.6816
2019-08-17,102.997
2019-08-18,123.5895
2019-08-19,90.927
2019-08-20,158.0196
2019-08-21,102.7062
2019-08-22,120.6429
2019-08-23,126.9777
2019-08-24,143.5804
2019-08-25,108.8556
2019-08-26,94.1355
2019-08-27,144.2006
2019-08-28,95.3615
2019-08-29,93.699
2019-08-30,133.8747
2019-08-31,163.6478
2019-09-01,95.6044
2019-09-02,110.6873
2019-09-03,119.3853
2019-09-04,144.2116
2019-09-05,140.2796
2019-09-06,138.3119
2019-09-07,102.6506
2019-09-08,143.982
2019-09-09,148.0739
2019-09-10,100.5067
2019-09-11,113.1708
2019-09-12,157.4726
2019-09-13,152.2117
2019-09-14,95.3052
2019-09-15,107.5345
2019-09-16,148.7882
2019-09-17,106.4702
2019-09-18,124.9799
2019-09-19,153.8019
2019-09-20,124.6388
2019-09-21,142.6801
2019-09-22,130.5415
2019-09-23,104.4266
2019-09-24,165.6166
2019-09-25,97.8532
2019-09-26,103.8176
2019-09-27,155.0205
2019-09-28,135.5644
2019-09-29,163.5755
2019-09-30,161.1616
2019-10-01,129.5729
2019-10-02,124.4529
2019-10-03,126.4173
2019-10-04,153.1491
2019-10-05,154.8805
2019-10-06,161.3521
2019-10-07,121.9448
2019-10-08,90.7187
2019-10-09,107.4257
2019-10-10,152.3469
2019-10-11,156.424
2019-10-12,128.3942
2019-10-13,106.5362
2019-10-14,148.5564
2019-10-15,144.4849
2019-10-16,159.036
2019-10-17,126.6546
2019-10-18,108.9386
2019-10-19,141.861
2019-10-20,97.6433
2019-10-21,93.0271
2019-10-22,110.8758
2019-10-23,106.0864
2019-10-24,169.0606
2019-10-25,163.8929
2019-10-26,167.6005
2019-10-27,168.7172
2019-10-28,161.1367
2019-10-29,92.1256
2019-10-30,138.9694
2019-10-31,118.7016
2019-11-01,136.0173
2019-11-02,159.3029
2019-11-03,127.3728
2019-11-04,132.2084
2019-11-05,136.4879
2019-11-06,94.3526
2019-11-07,164.4392
2019-11-08,128.4059
2019-11-09,119.8624
2019-11-10,131.5656
2019-11-11,159.9922
2019-11-12,128.7179
2019-11-13,160.7545
2019-11-14,144.9907
2019-11-15,95.6258
2019-11-16,140.3516
2019-11-17,105.3657
2019-11-18,125.9575
2019-11-19,159.4083
2019-11-20,102.7
2019-11-21,141.3865
2019-11-22,147.2323
2019-11-23,126.1223
2019-11-24,163.6494
2019-11-25,109.5523
2019-11-26,108.7001
2019-11-27,104.3084
2019-11-28,162.3171
2019-11-29,108.3178
2019-11-30,96.2585
2019-12-01,116.5127
2019-12-02,99.5449
2019-12-03,167.9846
2019-12-04,95.4246
2019-12-05,155.3189
2019-12-06,126.5859
2019-12-07,98.2825
2019-12-08,165.9369
2019-12-09,119.4216
2019-12-10,110.7809
2019-12-11,124.0342
2019-12-12,104.8876
2019-12-13,154.4612
2019-12-14,119.1888
2019-12-15,134.4107
2019-12-16,155.9433
2019-12-17,128.6052
2019-12-18,111.8676
2019-12-19,120.2875
2019-12-20,104.1351
2019-12-21,91.2957
2019-12-22,110.3115
2019-12-23,154.8797
2019-12-24,96.4653
2019-12-25,102.88
2019-12-26,123.2634
2019-12-27,100.0896
2019-12-28,108.9874
2019-12-29,126.9119
2019-12-30,149.6756
2019-12-31,140.7155
2020-01-01,164.333
2020-01-02,100.0917
2020-01-03,116.1288
2020-01-04,150.1321
2020-01-05,154.0757
2020-01-06,98.3168
2020-01-07,161.739
2020-01-08,92.3686
2020-01-09,110.7563
2020-01-10,148.7467
2020-01-11,108.6835
2020-01-12,143.7233
2020-01-13,95.8106
2020-01-14,166.4279
2020-01-15,111.8246
2020-01-16,109.9388
2020-01-17,131.8867
2020-01-18,128.5844
2020-01-19,104.403
2020-01-20,94.1221
2020-01-21,121.3499
2020-01-22,167.064
2020-01-23,160.0571
2020-01-24,125.2342
2020-01-25,135.8558
2020-01-26,149.9923
2020-01-27,146.3102
2020-01-28,148.9494
2020-01-29,125.5315
2020-01-30,110.2139
2020-01-31,136.3067
2020-02-01,166.1385
2020-02-02,126.5025
2020-02-03,154.145
2020-02-04,134.3199
2020-02-05,147.7724
2020-02-06,90.3501
2020-02-07,107.5639
2020-02-08,92.2594
2020-02-09,98.196
2020-02-10,135.3285
2020-02-11,158.5845
2020-02-12,93.9709
2020-02-13,159.4589
2020-02-14,97.3746
2020-02-15,142.9539
2020-02-16,138.2162
2020-02-17,103.409
2020-02-18,104.2528
2020-02-19,116.2048
2020-02-20,113.9581
2020-02-21,143.1998
2020-02-22,155.2018
2020-02-23,103.9019
2020-02-24,132.7719
2020-02-25,104.5301
2020-02-26,139.4844
2020-02-27,130.4843
2020-02-28,113.5175
2020-02-29,169.2258
2020-03-01,117.4147
2020-03-02,116.5013
2020-03-03,128.3698
2020-03-04,135.7765
2020-03-05,109.3741
2020-03-06,142.265
2020-03-07,164.9711
2020-03-08,139.2155
2020-03-09,132.3548
2020-03-10,135.9036
2020-03-11,100.1492
2020-03-12,114.8621
2020-03-13,165.9162
2020-03-14,150.4767
2020-03-15,158.258
2020-03-16,95.0673
2020-03-17,136.395
2020-03-18,150.9806
2020-03-19,125.7114
2020-03-20,117.5905
2020-03-21,132.3351
2020-03-22,92.3383
2020-03-23,156.5463
2020-03-24,117.3406
2020-03-25,153.2603
2020-03-26,156.3054
2020-03-27,112.2134
2020-03-28,156.331
2020-03-29,132.9492
2020-03-30,133.5254
2020-03-31,167.0442
2020-04-01,112.5403
2020-04-02,125.5937
2020-04-03,141.0543
2020-04-04,140.6653
2020-04-05,134.4313
2020-04-06,121.0684
2020-04-07,109.0126
2020-04-08,162.5554
2020-04-09,169.5935
2020-04-10,156.6058
2020-04-11,165.8458
2020-04-12,153.9396
2020-04-13,100.2655
2020-04-14,109.5377
2020-04-15,149.716
2020-04-16,110.7032
2020-04-17,158.333
2020-04-18,118.5942
2020-04-19,94.4843
2020-04-20,109.4271
2020-04-21,137.6492
2020-04-22,129.401
2020-04-23,123.9133
2020-04-24,153.0044
2020-04-25,160.7532
2020-04-26,93.6651
2020-04-27,141.2121
2020-04-28,128.3233
2020-04-29,167.7609
2020-04-30,139.5591
2020-05-01,115.8203
2020-05-02,108.5914
2020-05-03,155.7467
2020-05-04,159.7189
2020-05-05,143.0931
2020-05-06,168.1393
2020-05-07,168.0925
2020-05-08,142.5839
2020-05-09,169.9809
2020-05-10,112.0306
2020-05-11,102.1949
2020-05-12,142.9784
2020-05-13,129.3199
2020-05-14,110.5566
2020-05-15,151.8521
2020-05-16,128.9284
2020-05-17,111.2087
2020-05-18,103.1559
2020-05-19,141.6
2020-05-20,113.1801
2020-05-21,125.2389
2020-05-22,149.1737
2020-05-23,99.9623
2020-05-24,147.3461
2020-05-25,130.4004
2020-05-26,98.7961
2020-05-27,136.4772
2020-05-28,167.5234
2020-05-29,94.1366
2020-05-30,131.7653
2020-05-31,158.6314
2020-06-01,116.9762
2020-06-02,92.1654
2020-06-03,116.309
2020-06-04,152.3209
2020-06-05,138.0278
2020-06-06,144.7697
2020-06-07,160.8408
2020-06-08,107.2242
2020-06-09,107.9267
2020-06-10,163.8596
2020-06-11,149.7175
2020-06-12,139.8538
2020-06-13,150.6283
2020-06-14,155.2389
2020-06-15,143.7168
2020-06-16,168.0668
2020-06-17,96.5222
2020-06-18,159.4226
2020-06-19,129.7382
2020-06-20,140.8815
2020-06-21,156.9108
2020-06-22,113.6332
2020-06-23,124.5232
2020-06-24,118.9324
2020-06-25,152.0177
2020-06-26,143.693
2020-06-27,100.1909
2020-06-28,110.5572
2020-06-29,152.9249
2020-06-30,117.6676
2020-07-01,126.1102
2020-07-02,167.8043
2020-07-03,110.8112
2020-07-04,149.0968
2020-07-05,157.4898
2020-07-06,147.0127
2020-07-07,128.2879
2020-07-08,146.9978
2020-07-09,144.9273
2020-07-10,97.1176
2020-07-11,153.3379
2020-07-12,158.1602
2020-07-13,161.9113
2020-07-14,159.0625
2020-07-15,156.021
2020-07-16,162.1885
2020-07-17,115.5382
2020-07-18,92.3215
2020-07-19,127.3738
2020-07-20,127.6293
2020-07-21,151.8201
2020-07-22,127.6288
2020-07-23,97.2657
2020-07-24,97.1381
2020-07-25,119.1049
2020-07-26,137.9142
2020-07-27,114.5588
2020-07-28,115.3595
2020-07-29,166.4818
2020-07-30,100.3877
2020-07-31,110.6289
2020-08-01,118.2976
2020-08-02,101.1473
2020-08-03,138.789
2020-08-04,150.0782
2020-08-05,99.507
2020-08-06,111.5095
2020-08-07,118.4588
2020-08-08,98.4207
2020-08-09,115.4532
2020-08-10,148.2936
2020-08-11,165.9607
2020-08-12,102.0004
2020-08-13,142.7391
2020-08-14,119.4126
2020-08-15,90.2648
2020-08-16,161.3537
2020-08-17,132.9462
2020-08-18,163.2382
2020-08-19,122.5097
2020-08-20,167.1528
2020-08-21,108.2001
2020-08-22,168.8831
2020-08-23,139.3614
2020-08-24,90.5656
2020-08-25,166.371
2020-08-26,162.1885
2020-08-27,125.0807
2020-08-28,115.0562
2020-08-29,153.4853
2020-08-30,96.8444
2020-08-31,167.7461
2020-09-01,154.493
2020-09-02,117.0298
2020-09-03,99.2498
2020-09-04,103.5613
2020-09-05,115.5104
2020-09-06,151.7115
2020-09-07,141.1925
2020-09-08,157.803
2020-09-09,148.2455
2020-09-10,90.5692
2020-09-11,155.3027
2020-09-12,113.3411
2020-09-13,169.086
2020-09-14,121.9064
2020-09-15,95.7554
2020-09-16,133.0025
2020-09-17,122.1812
2020-09-18,160.3483
2020-09-19,141.074
2020-09-20,120.4997
2020-09-21,140.0183
2020-09-22,135.0526
2020-09-23,143.3332
2020-09-24,133.1484
2020-09-25,107.5864
2020-09-26,101.9206
2020-09-27,111.3511
2020-09-28,137.9037
2020-09-29,155.9327
2020-09-30,149.5054
2020-10-01,100.6684
2020-10-02,142.1594
2020-10-03,122.2449
2020-10-04,152.0711
2020-10-05,131.1582
2020-10-06,148.6318
2020-10-07,111.7577
2020-10-08,91.4278
2020-10-09,151.7297
2020-10-10,152.0747
2020-10-11,122.7255
2020-10-12,100.2036
2020-10-13,141.5214
2020-10-14,113.7991
2020-10-15,159.6589
2020-10-16,141.0607
2020-10-17,120.3704
2020-10-18,95.5263
2020-10-19,151.4251
2020-10-20,148.1409
2020-10-21,162.6609
2020-10-22,130.2848
2020-10-23,149.3477
2020-10-24,103.2539
2020-10-25,163.9866
2020-10-26,92.2231
2020-10-27,120.6799
2020-10-28,162.4941
2020-10-29,141.3006
2020-10-30,123.949
2020-10-31,154.5789
2020-11-01,157.7615
2020-11-02,112.5015
2020-11-03,98.7447
2020-11-04,165.3162
2020-11-05,148.794
2020-11-06,101.2742
2020-11-07,163.2556
2020-11-08,149.6278
2020-11-09,113.3246
2020-11-10,118.9451
2020-11-11,110.2685
2020-11-12,135.803
2020-11-13,101.9506
2020-11-14,156.5461
2020-11-15,128.7276
2020-11-16,94.1589
2020-11-17,91.9363
2020-11-18,103.7374
2020-11-19,138.6674
2020-11-20,144.5572
2020-11-21,97.6726
2020-11-22,135.1438
2020-11-23,119.9218
2020-11-24,126.819
2020-11-25,132.7149
2020-11-26,128.2828
2020-11-27,149.0847
2020-11-28,112.5239
2020-11-29,123.4696
2020-11-30,156.854
2020-12-01,109.4751
2020-12-02,136.6647
2020-12-03,159.0947
2020-12-04,158.1923
2020-12-05,132.6597
2020-12-06,104.9512
2020-12-07,99.6301
2020-12-08,121.8469
2020-12-09,122.5892
2020-12-10,124.0274
2020-12-11,102.0037
2020-12-12,131.5028
2020-12-13,113.8339
2020-12-14,156.7394
2020-12-15,110.565
2020-12-16,140.6996
2020-12-17,95.5717
2020-12-18,157.9382
2020-12-19,113.7354
2020-12-20,156.3786
2020-12-21,165.7912
2020-12-22,125.4131
2020-12-23,167.4729
2020-12-24,158.9662
2020-12-25,101.0659
2020-12-26,131.2201
2020-12-27,156.0977
2020-12-28,141.9317
2020-12-29,140.3006
2020-12-30,166.8097
2020-12-31,109.5141
2021-01-01,108.232
2021-01-02,123.2618
2021-01-03,166.9568
2021-01-04,138.174
2021-01-05,139.1831
2021-01-06,154.6273
2021-01-07,108.475
2021-01-08,104.6643
2021-01-09,122.1712
2021-01-10,129.9408
2021-01-11,125.6805
2021-01-12,110.458
2021-01-13,109.2947
2021-01-14,160.7071
2021-01-15,112.4391
2021-01-16,157.4548
2021-01-17,91.8452
2021-01-18,162.1784
2021-01-19,156.1713
2021-01-20,158.5249
2021-01-21,157.4538
2021-01-22,93.0346
2021-01-23,94.5152
2021-01-24,119.8323
2021-01-25,106.0412
2021-01-26,102.728
2021-01-27,157.5971
2021-01-28,93.1915
2021-01-29,156.8195
2021-01-30,105.9453
2021-01-31,160.2291
2021-02-01,128.4568
2021-02-02,141.692
2021-02-03,156.3
2021-02-04,117.5967
2021-02-05,162.8402
2021-02-06,121.1754
2021-02-07,95.1539
2021-02-08,126.19
2021-02-09,160.8532
2021-02-10,97.6786
2021-02-11,147.997
2021-02-12,94.0036
2021-02-13,135.6348
2021-02-14,113.251
2021-02-15,92.0397
2021-02-16,112.8962
2021-02-17,147.7173
2021-02-18,123.2753
2021-02-19,115.7016
2021-02-20,152.9139
2021-02-21,132.0912
2021-02-22,164.1085
2021-02-23,98.7841
2021-02-24,113.3766
2021-02-25,99.8151
2021-02-26,112.2695
2021-02-27,98.83
2021-02-28,147.5963
2021-03-01,148.1678
2021-03-02,147.3473
2021-03-03,126.3088
2021-03-04,119.2185
2021-03-05,151.4775
2021-03-06,150.6967
2021-03-07,107.7236
2021-03-08,93.8111
2021-03-09,166.3478
2021-03-10,92.4023
2021-03-11,169.7613
2021-03-12,136.6858
2021-03-13,146.2832
2021-03-14,105.763
2021-03-15,169.2864
2021-03-16,162.6543
2021-03-17,150.1986
2021-03-18,101.4709
2021-03-19,149.7845
2021-03-20,136.9361
2021-03-21,155.4646
2021-03-22,143.1366
2021-03-23,107.409
2021-03-24,147.0193
2021-03-25,144.197
2021-03-26,157.3022
2021-03-27,90.7948
2021-03-28,109.3665
2021-03-29,101.7921
2021-03-30,137.3812
2021-03-31,151.9621
2021-04-01,133.0566
2021-04-02,165.1802
2021-04-03,108.7992
2021-04-04,132.5087
2021-04-05,157.5977
2021-04-06,119.5957
2021-04-07,160.9245
2021-04-08,155.6742
2021-04-09,101.5559
2021-04-10,106.7004
2021-04-11,166.29
2021-04-12,101.2019
2021-04-13,162.4728
2021-04-14,115.842
2021-04-15,114.3989
2021-04-16,127.4451
2021-04-17,140.3129
2021-04-18,169.6021
2021-04-19,102.1027
2021-04-20,117.6266
2021-04-21,105.949
2021-04-22,146.6837
2021-04-23,93.8181
2021-04-24,100.2562
2021-04-25,151.7236
2021-04-26,109.6111
2021-04-27,138.1339
2021-04-28,108.1371
2021-04-29,156.0056
2021-04-30,157.8743
2021-05-01,139.1055
2021-05-02,102.2458
2021-05-03,166.0911
2021-05-04,92.6148
2021-05-05,127.1914
2021-05-06,164.1908
2021-05-07,113.7215
2021-05-08,147.4277
2021-05-09,125.855
2021-05-10,139.9397
2021-05-11,133.919
2021-05-12,91.7142
2021-05-13,98.0493
2021-05-14,120.9359
2021-05-15,140.3193
2021-05-16,145.7164
2021-05-17,128.971
2021-05-18,164.8666
2021-05-19,161.2817
2021-05-20,157.0097
2021-05-21,99.0867
2021-05-22,136.7982
2021-05-23,169.7633
2021-05-24,161.1932
2021-05-25,114.337
2021-05-26,104.2824
2021-05-27,158.303
2021-05-28,96.5186
2021-05-29,111.819
2021-05-30,96.5362
2021-05-31,145.4213
2021-06-01,102.376
2021-06-02,125.0355
2021-06-03,139.4047
2021-06-04,138.6703
2021-06-05,93.8942
2021-06-06,147.7293
2021-06-07,144.0164
2021-06-08,99.5668
2021-06-09,112.0183
2021-06-10,98.6578
2021-06-11,148.5827
2021-06-12,153.8857
2021-06-13,140.2544
2021-06-14,115.912
2021-06-15,155.1251
2021-06-16,135.647
2021-06-17,155.9059
2021-06-18,124.6073
2021-06-19,108.9317
2021-06-20,162.8722
2021-06-21,123.1085
2021-06-22,117.3434
2021-06-23,101.1791
2021-06-24,95.9301
2021-06-25,92.9919
2021-06-26,145.9161
2021-06-27,97.9912
2021-06-28,122.8716
2021-06-29,150.0816
2021-06-30,116.2054
2021-07-01,123.6318
2021-07-02,155.0081
2021-07-03,135.543
2021-07-04,132.9987
2021-07-05,99.6712
2021-07-06,153.6472
2021-07-07,126.4551
2021-07-08,129.667
2021-07-09,92.8855
2021-07-10,105.3789
2021-07-11,118.9659
2021-07-12,130.1781
2021-07-13,104.7156
2021-07-14,168.2368
2021-07-15,109.1223
2021-07-16,90.6657
2021-07-17,99.3442
2021-07-18,99.3516
2021-07-19,162.0112
2021-07-20,111.3266
2021-07-21,147.396
2021-07-22,110.3802
2021-07-23,147.6695
2021-07-24,159.5806
2021-07-25,117.4439
2021-07-26,165.6741
2021-07-27,129.1544
2021-07-28,90.8287
2021-07-29,159.7939
2021-07-30,102.0109
2021-07-31,153.2781
2021-08-01,105.587
2021-08-02,136.2905
2021-08-03,98.188
2021-08-04,166.8684
2021-08-05,121.3242
2021-08-06,113.1123
2021-08-07,124.6965
2021-08-08,104.6512
2021-08-09,92.4953
2021-08-10,121.0394
2021-08-11,132.9022
2021-08-12,155.5696
2021-08-13,167.5203
2021-08-14,166.5035
2021-08-15,131.9715
2021-08-16,135.8732
2021-08-17,120.3711
2021-08-18,156.8502
2021-08-19,128.6435
2021-08-20,127.6836
2021-08-21,148.3765
2021-08-22,130.029
2021-08-23,124.7001
2021-08-24,141.8246
2021-08-25,139.4509
2021-08-26,110.5455
2021-08-27,97.6264
2021-08-28,137.4646
2021-08-29,90.5892
2021-08-30,149.6472
2021-08-31,90.1963
2021-09-01,157.0738
2021-09-02,126.1731
2021-09-03,94.8696
2021-09-04,167.3348
2021-09-05,122.0975
2021-09-06,155.4761
2021-09-07,160.5477
2021-09-08,166.077
2021-09-09,139.8007
2021-09-10,164.5877
2021-09-11,152.9175
2021-09-12,96.9728
2021-09-13,140.0577
2021-09-14,149.1422
2021-09-15,99.5971
2021-09-16,101.4222
2021-09-17,117.53
2021-09-18,122.3572
2021-09-19,140.5016
2021-09-20,132.5753
2021-09-21,112.2637
2021-09-22,122.8947
2021-09-23,102.1667
2021-09-24,94.641
2021-09-25,120.7793
2021-09-26,121.4726
2021-09-27,144.5744
2021-09-28,143.1397
2021-09-29,147.5579
2021-09-30,168.6095
2021-10-01,128.9941
2021-10-02,114.5708
2021-10-03,156.3558
2021-10-04,157.7835
2021-10-05,131.4809
2021-10-06,150.9386
2021-10-07,105.4785
2021-10-08,130.6531
2021-10-09,92.3309
2021-10-10,149.9979
2021-10-11,101.3243
2021-10-12,147.0721
2021-10-13,112.6496
2021-10-14,125.7799
2021-10-15,98.3128
2021-10-16,134.5284
2021-10-17,131.7039
2021-10-18,118.7297
2021-10-19,103.8455
2021-10-20,109.2214
2021-10-21,129.1372
2021-10-22,90.7829
2021-10-23,163.624
2021-10-24,148.9007
2021-10-25,128.1896
2021-10-26,97.3649
2021-10-27,159.8945
2021-10-28,99.0832
2021-10-29,135.5211
2021-10-30,165.6638
2021-10-31,131.0018
2021-11-01,97.0757
2021-11-02,166.1859
2021-11-03,154.3114
2021-11-04,91.7106
2021-11-05,112.0387
2021-11-06,95.0736
2021-11-07,161.5349
2021-11-08,150.0776
2021-11-09,127.0692
2021-11-10,157.7326
2021-11-11,118.254
2021-11-12,107.0119
2021-11-13,139.2298
2021-11-14,134.0806
2021-11-15,111.9071
2021-11-16,107.1505
2021-11-17,162.6691
2021-11-18,130.6731
2021-11-19,124.6562
2021-11-20,125.1216
2021-11-21,129.1723
2021-11-22,97.3029
2021-11-23,106.6214
2021-11-24,120.1098
2021-11-25,127.5893
2021-11-26,94.2297
2021-11-27,150.184
2021-11-28,116.4894
2021-11-29,139.7353
2021-11-30,94.0223
2021-12-01,131.136
2021-12-02,165.2825
2021-12-03,163.249
2021-12-04,98.1056
2021-12-05,166.1404
2021-12-06,168.3913
2021-12-07,162.8915
2021-12-08,162.6835
2021-12-09,134.3427
2021-12-10,109.7823
2021-12-11,118.4862
2021-12-12,161.0781
2021-12-13,125.2516
2021-12-14,147.0456
2021-12-15,141.3455
2021-12-16,166.5736
2021-12-17,157.7751
2021-12-18,92.2463
2021-12-19,130.2274
2021-12-20,156.0328
2021-12-21,106.1984
2021-12-22,141.4564
2021-12-23,169.2952
2021-12-24,147.7423
2021-12-25,142.049
2021-12-26,104.6626
2021-12-27,114.3663
2021-12-28,106.0919
2021-12-29,167.0577
2021-12-30,141.6857
2021-12-31,119.094
2022-01-01,95.1829
2022-01-02,148.5781
2022-01-03,133.9064
2022-01-04,92.7639
2022-01-05,103.7255
2022-01-06,142.5229
2022-01-07,107.3046
2022-01-08,98.3283
2022-01-09,120.4842
2022-01-10,129.6393
2022-01-11,103.5376
2022-01-12,99.3861
2022-01-13,153.0272
2022-01-14,165.1469
2022-01-15,102.2038
2022-01-16,134.801
2022-01-17,162.3939
2022-01-18,143.4486
2022-01-19,123.9916
2022-01-20,93.3734
2022-01-21,126.1705
2022-01-22,168.6622
2022-01-23,126.9574
2022-01-24,97.8248
2022-01-25,157.6149
2022-01-26,127.4405
2022-01-27,139.6874
2022-01-28,130.6385
2022-01-29,118.037
2022-01-30,140.9836
2022-01-31,125.1087
2022-02-01,100.9696
2022-02-02,154.4088
2022-02-03,143.884
2022-02-04,132.4403
2022-02-05,124.9175
2022-02-06,159.5254
2022-02-07,151.3473
2022-02-08,130.945
2022-02-09,117.5317
2022-02-10,101.7
2022-02-11,127.0731
2022-02-12,91.6234
2022-02-13,157.0022
2022-02-14,116.8427
2022-02-15,156.4401
2022-02-16,155.1575
2022-02-17,115.3665
2022-02-18,94.0237
2022-02-19,155.3011
2022-02-20,153.8243
2022-02-21,94.6223
2022-02-22,99.6467
2022-02-23,139.27
2022-02-24,129.832
2022-02-25,131.0323
2022-02-26,110.2381
2022-02-27,146.537
2022-02-28,114.688
2022-03-01,125.1721
2022-03-02,125.3102
2022-03-03,107.2433
2022-03-04,96.9637
2022-03-05,98.2855
2022-03-06,139.7038
2022-03-07,151.7081
2022-03-08,142.8094
2022-03-09,103.6818
2022-03-10,99.0099
2022-03-11,131.1761
2022-03-12,96.7867
2022-03-13,162.5329
2022-03-14,168.7865
2022-03-15,135.3994
2022-03-16,124.8907
2022-03-17,103.2581
2022-03-18,96.0569
2022-03-19,111.2689
2022-03-20,160.2232
2022-03-21,120.4143
2022-03-22,101.683
2022-03-23,158.8139
2022-03-24,108.55
2022-03-25,102.0231
2022-03-26,100.1109
2022-03-27,96.5624
2022-03-28,168.1272
2022-03-29,115.8997
2022-03-30,113.5936
2022-03-31,97.1025
2022-04-01,122.8702
2022-04-02,97.1602
2022-04-03,101.3029
2022-04-04,144.688
2022-04-05,91.9408
2022-04-06,91.0575
2022-04-07,159.536
2022-04-08,130.7261
2022-04-09,120.4482
2022-04-10,152.4157
2022-04-11,131.045
2022-04-12,130.9028
2022-04-13,128.1031
2022-04-14,147.1324
2022-04-15,138.8167
2022-04-16,158.0827
2022-04-17,94.5725
2022-04-18,130.487
2022-04-19,136.8667
2022-04-20,133.8864
2022-04-21,138.1228
2022-04-22,96.301
2022-04-23,123.9223
2022-04-24,151.5779
2022-04-25,91.5412
2022-04-26,162.366
2022-04-27,109.7154
2022-04-28,146.3626
2022-04-29,160.0278
2022-04-30,138.9019
2022-05-01,160.8414
2022-05-02,118.4201
2022-05-03,167.2635
2022-05-04,133.9665
2022-05-05,107.5024
2022-05-06,137.1979
2022-05-07,100.1978
2022-05-08,109.1385
2022-05-09,101.0234
2022-05-10,143.7061
2022-05-11,98.0321
2022-05-12,91.4931
2022-05-13,118.847
2022-05-14,164.6634
2022-05-15,155.7257
2022-05-16,123.6924
2022-05-17,158.2146
2022-05-18,168.9256
2022-05-19,166.1545
2022-05-20,121.1335
2022-05-21,113.5531
2022-05-22,124.2406
2022-05-23,156.8479
2022-05-24,104.8915
2022-05-25,138.2223
2022-05-26,114.9227
2022-05-27,119.9142
2022-05-28,95.683
2022-05-29,164.874
2022-05-30,97.0247
2022-05-31,98.084
2022-06-01,108.797
2022-06-02,142.4628
2022-06-03,147.9891
2022-06-04,143.3797
2022-06-05,121.8627
2022-06-06,90.9597
2022-06-07,100.2875
2022-06-08,125.8422
2022-06-09,164.9966
2022-06-10,115.1266
2022-06-11,169.1324
2022-06-12,148.0749
2022-06-13,91.3699
2022-06-14,169.1566
2022-06-15,159.4458
2022-06-16,102.592
2022-06-17,137.981
2022-06-18,90.8215
2022-06-19,163.1046
2022-06-20,156.4464
2022-06-21,153.1093
2022-06-22,120.0073
2022-06-23,103.165
2022-06-24,118.6337
2022-06-25,126.2568
2022-06-26,156.1114
2022-06-27,169.8741
2022-06-28,105.472
2022-06-29,109.1144
2022-06-30,165.922
2022-07-01,122.1403
2022-07-02,134.7214
2022-07-03,128.6717
2022-07-04,91.5955
2022-07-05,106.9034
2022-07-06,100.8119
2022-07-07,157.7132
2022-07-08,93.5889
2022-07-09,128.7339
2022-07-10,124.8036
2022-07-11,103.9181
2022-07-12,128.2722
2022-07-13,156.4341
2022-07-14,145.6036
2022-07-15,154.2336
2022-07-16,94.4021
2022-07-17,100.7505
2022-07-18,166.8235
2022-07-19,142.1586
2022-07-20,94.1464
2022-07-21,155.7786
2022-07-22,145.9427
2022-07-23,103.2588
2022-07-24,169.7535
2022-07-25,98.8739
2022-07-26,161.936
2022-07-27,110.343
2022-07-28,106.5368
2022-07-29,160.4571
2022-07-30,102.461
2022-07-31,160.6579
2022-08-01,130.8584
2022-08-02,138.0214
2022-08-03,95.5211
2022-08-04,147.3536
2022-08-05,160.5198
2022-08-06,112.0052
2022-08-07,121.4188
2022-08-08,130.0294
2022-08-09,142.0665
2022-08-10,108.4031
2022-08-11,148.7128
2022-08-12,136.1753
2022-08-13,153.2596
2022-08-14,99.7059
2022-08-15,165.4863
2022-08-16,120.5186
2022-08-17,162.5687
2022-08-18,113.756
2022-08-19,133.8191
2022-08-20,137.0156
2022-08-21,134.8924
2022-08-22,160.0278
2022-08-23,151.0615
2022-08-24,167.6652
2022-08-25,161.941
2022-08-26,131.8261
2022-08-27,121.6356
2022-08-28,154.7069
2022-08-29,144.0239
2022-08-30,138.3903
2022-08-31,91.6693
2022-09-01,127.9239
2022-09-02,91.6996
2022-09-03,106.6763
2022-09-04,168.0199
2022-09-05,139.795
2022-09-06,117.4176
2022-09-07,153.7912
2022-09-08,156.6363
2022-09-09,146.3877
2022-09-10,146.6076
2022-09-11,120.8778
2022-09-12,167.2233
2022-09-13,139.3037
2022-09-14,160.8071
2022-09-15,100.9503
2022-09-16,91.3405
2022-09-17,168.2132
2022-09-18,138.3198
2022-09-19,153.0774
2022-09-20,92.771
2022-09-21,138.1093
2022-09-22,111.3872
2022-09-23,112.6318
2022-09-24,162.4084
2022-09-25,141.7374
2022-09-26,168.3666
2022-09-27,139.3839
2022-09-28,98.295
2022-09-29,104.8075
2022-09-30,160.1476
2022-10-01,152.4673
2022-10-02,133.1609
2022-10-03,143.9432
2022-10-04,126.8273
2022-10-05,98.8579
2022-10-06,128.7922
2022-10-07,153.5438
2022-10-08,135.9263
2022-10-09,92.6924
2022-10-10,116.5853
2022-10-11,145.1923
2022-10-12,111.1721
2022-10-13,96.444
2022-10-14,147.568
2022-10-15,91.0565
2022-10-16,108.7131
2022-10-17,126.4691
2022-10-18,162.3969
2022-10-19,133.9935
2022-10-20,134.3842
2022-10-21,138.6033
2022-10-22,154.2966
2022-10-23,145.591
2022-10-24,142.0914
2022-10-25,129.0095
2022-10-26,95.6425
2022-10-27,103.874
2022-10-28,119.7509
2022-10-29,142.9006
2022-10-30,149.978
2022-10-31,166.0298
2022-11-01,167.5316
2022-11-02,149.5672
2022-11-03,136.7735
2022-11-04,132.6372
2022-11-05,117.951
2022-11-06,129.3657
2022-11-07,131.7191
2022-11-08,141.4723
2022-11-09,118.4082
2022-11-10,93.2545
2022-11-11,100.5161
2022-11-12,103.9392
2022-11-13,100.7897
2022-11-14,169.4831
2022-11-15,97.0133
2022-11-16,91.3242
2022-11-17,102.3714
2022-11-18,145.8045
2022-11-19,108.6282
2022-11-20,111.7273
2022-11-21,97.7397
2022-11-22,153.6375
2022-11-23,119.7402
2022-11-24,136.4207
2022-11-25,134.9882
2022-11-26,125.3654
2022-11-27,120.9444
2022-11-28,168.2886
2022-11-29,132.8525
2022-11-30,155.0721
2022-12-01,124.3075
2022-12-02,111.5754
2022-12-03,99.615
2022-12-04,148.5035
2022-12-05,127.9394
2022-12-06,169.3357
2022-12-07,117.8616
2022-12-08,121.7186
2022-12-09,117.0917
2022-12-10,103.8187
2022-12-11,156.4187
2022-12-12,97.0014
2022-12-13,158.7421
2022-12-14,161.1564
2022-12-15,136.9662
2022-12-16,91.8098
2022-12-17,161.4386
2022-12-18,126.517
2022-12-19,154.7178
2022-12-20,143.9747
2022-12-21,109.7788
2022-12-22,97.6436
2022-12-23,140.2567
2022-12-24,111.5226
2022-12-25,126.789
2022-12-26,122.7158
2022-12-27,147.8766
2022-12-28,132.214
2022-12-29,96.6888
2022-12-30,138.63
2022-12-31,144.6451
2023-01-01,96.5789
2023-01-02,107.1385
2023-01-03,151.0308
2023-01-04,106.3162
2023-01-05,133.993
2023-01-06,147.2232
2023-01-07,147.202
2023-01-08,131.9769
2023-01-09,139.6553
2023-01-10,101.0938
2023-01-11,132.1728
2023-01-12,149.2249
2023-01-13,133.507
2023-01-14,109.6879
2023-01-15,154.8186
2023-01-16,139.2759
2023-01-17,117.9999
2023-01-18,122.8078
2023-01-19,169.7157
2023-01-20,137.3884
2023-01-21,145.8295
2023-01-22,111.5496
2023-01-23,162.4771
2023-01-24,148.0003
2023-01-25,93.6653
2023-01-26,118.7011
2023-01-27,114.4062
2023-01-28,164.8509
2023-01-29,90.9926
2023-01-30,109.7212
2023-01-31,114.4692
2023-02-01,130.1983
2023-02-02,129.0949
2023-02-03,124.5675
2023-02-04,149.6708
2023-02-05,156.3836
2023-02-06,110.5516
2023-02-07,130.5084
2023-02-08,159.5456
2023-02-09,122.9659
2023-02-10,127.2732
2023-02-11,125.3097
2023-02-12,135.3371
2023-02-13,124.4887
2023-02-14,165.5399
2023-02-15,132.2936
2023-02-16,117.819
2023-02-17,157.8581
2023-02-18,110.3044
2023-02-19,143.462
2023-02-20,131.8969
2023-02-21,111.9966
2023-02-22,114.3983
2023-02-23,140.8018
2023-02-24,112.7758
2023-02-25,123.3685
2023-02-26,112.0133
2023-02-27,90.3447
2023-02-28,132.6528
2023-03-01,91.7301
2023-03-02,166.98
2023-03-03,139.3076
2023-03-04,108.623
2023-03-05,133.8174
2023-03-06,104.1129
2023-03-07,97.8173
2023-03-08,169.8596
2023-03-09,169.1083
2023-03-10,146.1146
2023-03-11,115.2846
2023-03-12,142.1901
2023-03-13,165.0802
2023-03-14,118.0008
2023-03-15,143.3275
2023-03-16,164.6077
2023-03-17,151.4296
2023-03-18,154.4867
2023-03-19,120.1588
2023-03-20,158.1596
2023-03-21,119.5201
2023-03-22,132.0993
2023-03-23,167.3988
2023-03-24,157.7382
2023-03-25,111.4476
2023-03-26,149.8846
2023-03-27,125.7917
2023-03-28,118.1935
2023-03-29,105.8651
2023-03-30,156.935
2023-03-31,168.5125
2023-04-01,119.7199
2023-04-02,164.3767
2023-04-03,142.1737
2023-04-04,160.7795
2023-04-05,160.7445
2023-04-06,131.4656
2023-04-07,128.8001
2023-04-08,131.161
2023-04-09,106.4003
2023-04-10,148.9333
2023-04-11,165.0786
2023-04-12,139.1078
2023-04-13,136.5145
2023-04-14,142.6277
2023-04-15,154.421
2023-04-16,133.3782
2023-04-17,155.0755
2023-04-18,127.6988
2023-04-19,158.6232
2023-04-20,148.0523
2023-04-21,95.4196
2023-04-22,118.2652
2023-04-23,120.0784
2023-04-24,160.5711
2023-04-25,160.8485
2023-04-26,124.9601
2023-04-27,127.7857
2023-04-28,108.2765
2023-04-29,151.4182
2023-04-30,125.9841
2023-05-01,164.7099
2023-05-02,124.3735
2023-05-03,142.8781
2023-05-04,93.6774
2023-05-05,125.5452
2023-05-06,99.3871
2023-05-07,168.5245
2023-05-08,90.0874
2023-05-09,103.9348
2023-05-10,154.4345
2023-05-11,160.3501
2023-05-12,166.7839
2023-05-13,141.1919
2023-05-14,109.9227
2023-05-15,149.2542
2023-05-16,143.7721
2023-05-17,166.0227
2023-05-18,129.2357
2023-05-19,121.3885
2023-05-20,108.0196
2023-05-21,162.6546
2023-05-22,162.2773
2023-05-23,145.6665
2023-05-24,121.8641
2023-05-25,93.5548
2023-05-26,91.8457
2023-05-27,134.1763
2023-05-28,151.395
2023-05-29,154.4612
2023-05-30,133.8825
2023-05-31,95.7393
2023-06-01,124.7242
2023-06-02,164.3283
2023-06-03,121.1033
2023-06-04,165.9015
2023-06-05,112.899
2023-06-06,138.3399
2023-06-07,150.7636
2023-06-08,136.1453
2023-06-09,99.8813
2023-06-10,112.6722
2023-06-11,161.5649
2023-06-12,100.1104
2023-06-13,92.3231
2023-06-14,103.7491
2023-06-15,130.3417
2023-06-16,142.5803
2023-06-17,132.5261
2023-06-18,125.5951
2023-06-19,99.5918
2023-06-20,109.6755
2023-06-21,165.2127
2023-06-22,139.504
2023-06-23,120.8119
2023-06-24,125.5048
2023-06-25,145.945
2023-06-26,159.2976
2023-06-27,147.3247
2023-06-28,101.8162
2023-06-29,121.865
2023-06-30,154.3012
2023-07-01,145.1551
2023-07-02,130.4671
2023-07-03,119.8504
2023-07-04,167.9097
2023-07-05,127.1683
2023-07-06,100.9384
2023-07-07,100.5786
2023-07-08,149.725
2023-07-09,162.2123
2023-07-10,131.7075
2023-07-11,113.8874
2023-07-12,119.7239
2023-07-13,124.1039
2023-07-14,162.0552
2023-07-15,142.7969
2023-07-16,161.2038
2023-07-17,166.8898
2023-07-18,111.1735
2023-07-19,141.8829
2023-07-20,141.0511
2023-07-21,105.9433
2023-07-22,150.5668
2023-07-23,159.4888
2023-07-24,164.4683
2023-07-25,138.1778
2023-07-26,96.6894
2023-07-27,127.8011
2023-07-28,146.169
2023-07-29,167.8959
2023-07-30,150.2515
2023-07-31,121.179
2023-08-01,95.6339
2023-08-02,123.9411
2023-08-03,110.5892
2023-08-04,149.5715
2023-08-05,90.3146
2023-08-06,116.9362
2023-08-07,163.4498
2023-08-08,111.6172
2023-08-09,104.1326
2023-08-10,121.3886
2023-08-11,157.0317
2023-08-12,91.835
2023-08-13,91.646
2023-08-14,90.0123
2023-08-15,161.0181
2023-08-16,113.0296
2023-08-17,103.4336
2023-08-18,143.7177
2023-08-19,116.6668
2023-08-20,115.2513
2023-08-21,140.864
2023-08-22,146.6745
2023-08-23,152.6921
2023-08-24,169.7368
2023-08-25,149.8487
2023-08-26,96.3216
2023-08-27,142.5704
2023-08-28,138.5235
2023-08-29,121.8158
2023-08-30,165.8694
2023-08-31,135.4724
2023-09-01,101.4115
2023-09-02,132.6804
2023-09-03,162.3148
2023-09-04,114.5523
2023-09-05,154.3458
2023-09-06,102.1276
2023-09-07,117.7396
2023-09-08,164.2978
2023-09-09,134.5442
2023-09-10,159.7411
2023-09-11,151.0224
2023-09-12,130.8709
2023-09-13,90.6151
2023-09-14,119.3839
2023-09-15,100.6095
2023-09-16,124.5126
2023-09-17,112.5813
2023-09-18,130.7453
2023-09-19,93.9739
2023-09-20,110.6499
2023-09-21,131.31
2023-09-22,149.5452
2023-09-23,137.9334
2023-09-24,147.8186
2023-09-25,129.3514
2023-09-26,111.3735
2023-09-27,105.8907
2023-09-28,96.7754
2023-09-29,161.0977
2023-09-30,108.1064
2023-10-01,143.4523
2023-10-02,119.4784
2023-10-03,118.8169
2023-10-04,90.922
2023-10-05,156.8205
2023-10-06,158.2212
2023-10-07,128.4849
2023-10-08,94.2078
2023-10-09,138.3396
2023-10-10,149.0257
2023-10-11,112.2354
2023-10-12,162.1474
2023-10-13,137.5228
2023-10-14,160.8653
2023-10-15,127.1531
2023-10-16,129.1742
2023-10-17,93.2549
2023-10-18,124.8028
2023-10-19,118.8131
2023-10-20,169.4306
2023-10-21,90.6279
2023-10-22,101.0446
2023-10-23,110.8885
2023-10-24,145.1639
2023-10-25,140.2749
2023-10-26,156.4271
2023-10-27,100.0701
2023-10-28,113.2549
2023-10-29,134.4481
2023-10-30,161.9108
2023-10-31,161.2543
2023-11-01,129.9891
2023-11-02,162.047
2023-11-03,155.4443
2023-11-04,91.7035
2023-11-05,161.918
2023-11-06,151.0367
2023-11-07,99.7109
2023-11-08,146.6242
2023-11-09,104.2985
2023-11-10,102.8337
2023-11-11,121.1026
2023-11-12,126.1124
2023-11-13,151.9628
2023-11-14,130.6859
2023-11-15,167.1923
2023-11-16,156.4924
2023-11-17,95.8118
2023-11-18,144.9859
2023-11-19,137.8208
2023-11-20,135.3813
2023-11-21,143.0356
2023-11-22,156.1418
2023-11-23,133.383
2023-11-24,125.8324
2023-11-25,169.4249
2023-11-26,158.8224
2023-11-27,126.2992
2023-11-28,133.438
2023-11-29,151.9655
2023-11-30,96.7189
2023-12-01,145.4576
2023-12-02,116.6944
2023-12-03,160.7919
2023-12-04,152.719
2023-12-05,126.5862
2023-12-06,93.0076
2023-12-07,144.7108
2023-12-08,138.1188
2023-12-09,163.6072
2023-12-10,116.4688
2023-12-11,168.1714
2023-12-12,154.0555
2023-12-13,91.2174
2023-12-14,123.3423
2023-12-15,96.7473
2023-12-16,162.6127
2023-12-17,153.6269
2023-12-18,167.1929
2023-12-19,110.9296
2023-12-20,156.5567
2023-12-21,118.7827
2023-12-22,112.7665
2023-12-23,132.4886
2023-12-24,149.9401
2023-12-25,103.635
2023-12-26,115.1513
2023-12-27,115.1345
2023-12-28,159.6249
2023-12-29,118.7306
2023-12-30,158.0445
2023-12-31,156.7508
2024-01-01,165.1095
2024-01-02,101.1246
2024-01-03,158.8121
2024-01-04,112.4396
2024-01-05,140.8683
2024-01-06,108.6155
2024-01-07,108.5728
2024-01-08,127.1934
2024-01-09,94.2635
2024-01-10,156.8545
2024-01-11,148.5067
2024-01-12,116.2169
2024-01-13,165.5741
2024-01-14,134.6899
2024-01-15,128.3889
2024-01-16,92.5577
2024-01-17,114.1649
2024-01-18,145.9439
2024-01-19,135.9568
2024-01-20,148.5083
2024-01-21,92.4491
2024-01-22,147.4521
2024-01-23,107.039
2024-01-24,166.8549
2024-01-25,124.2357
2024-01-26,168.8195
2024-01-27,105.2945
2024-01-28,168.9151
2024-01-29,153.9411
2024-01-30,144.2538
2024-01-31,149.5103
2024-02-01,134.0013
2024-02-02,118.8733
2024-02-03,90.4302
2024-02-04,117.8026
2024-02-05,95.0299
2024-02-06,94.2057
2024-02-07,123.0006
2024-02-08,95.2643
2024-02-09,139.8596
2024-02-10,94.1375
2024-02-11,166.4945
2024-02-12,160.6838
2024-02-13,128.7933
2024-02-14,94.7945
2024-02-15,144.8331
2024-02-16,101.9993
2024-02-17,139.2545
2024-02-18,103.6505
2024-02-19,110.8065
2024-02-20,101.9369
2024-02-21,139.6344
2024-02-22,144.5311
2024-02-23,122.1172
2024-02-24,129.5001
2024-02-25,102.4257
2024-02-26,134.0787
2024-02-27,129.2671
2024-02-28,156.6214
2024-02-29,157.6245
2024-03-01,168.5091
2024-03-02,138.584
2024-03-03,103.2278
2024-03-04,120.6672
2024-03-05,128.4423
2024-03-06,160.6126
2024-03-07,103.734
2024-03-08,127.5085
2024-03-09,160.6969
2024-03-10,161.1738
2024-03-11,137.1265
2024-03-12,152.4627
2024-03-13,127.827
2024-03-14,154.6996
2024-03-15,111.084
2024-03-16,140.9455
2024-03-17,156.7537
2024-03-18,126.6305
2024-03-19,98.5695
2024-03-20,134.0437
2024-03-21,161.5875
2024-03-22,96.7262
2024-03-23,104.8511
2024-03-24,130.8245
2024-03-25,131.593
2024-03-26,99.1013
2024-03-27,114.7101
2024-03-28,90.8057
2024-03-29,143.2728
2024-03-30,158.1228
2024-03-31,133.1043
2024-04-01,136.1049
2024-04-02,115.0884
2024-04-03,134.3993
2024-04-04,101.8915
2024-04-05,128.0369
2024-04-06,106.4318
2024-04-07,146.7742
2024-04-08,149.9383
2024-04-09,109.7553
2024-04-10,107.474
2024-04-11,100.7204
2024-04-12,126.7562
2024-04-13,95.6157
2024-04-14,140.8429
2024-04-15,164.4845
2024-04-16,153.3145
2024-04-17,142.2381
2024-04-18,92.8975
2024-04-19,102.2345
2024-04-20,164.4893
2024-04-21,148.6307
2024-04-22,166.4277
2024-04-23,162.6088
2024-04-24,169.369
2024-04-25,105.1152
2024-04-26,118.5901
2024-04-27,97.9805
2024-04-28,110.1444
2024-04-29,90.8356
2024-04-30,115.8875
2024-05-01,169.2172
2024-05-02,167.6143
2024-05-03,133.1514
2024-05-04,158.5661
2024-05-05,123.6522
2024-05-06,168.4205
2024-05-07,158.1819
2024-05-08,157.0492
2024-05-09,163.3845
2024-05-10,161.2215
2024-05-11,94.3302
2024-05-12,106.688
2024-05-13,159.5036
2024-05-14,148.7481
2024-05-15,105.116
2024-05-16,156.2845
2024-05-17,93.7351
2024-05-18,125.4352
2024-05-19,166.1126
2024-05-20,150.5311
2024-05-21,111.7384
2024-05-22,129.2463
2024-05-23,92.5555
2024-05-24,122.9591
2024-05-25,135.4911
2024-05-26,132.0897
2024-05-27,92.1022
2024-05-28,168.3499
2024-05-29,94.1092
2024-05-30,145.879
2024-05-31,129.7432
2024-06-01,90.8037
2024-06-02,135.628
2024-06-03,147.6582
2024-06-04,109.8044
2024-06-05,131.8675
2024-06-06,94.076
2024-06-07,117.0051
2024-06-08,95.5306
2024-06-09,163.4288
2024-06-10,101.8849
2024-06-11,99.1424
2024-06-12,113.4263
2024-06-13,144.8732
2024-06-14,143.6015
2024-06-15,135.0195
2024-06-16,136.9655
2024-06-17,92.1842
2024-06-18,103.9755
2024-06-19,145.6777
2024-06-20,121.692
2024-06-21,168.3075
2024-06-22,119.6596
2024-06-23,155.1515
2024-06-24,90.2475
2024-06-25,95.4523
2024-06-26,169.9944
2024-06-27,131.2503
2024-06-28,120.4811
2024-06-29,94.5128
2024-06-30,158.448
2024-07-01,153.6213
2024-07-02,145.4953
2024-07-03,123.0663
2024-07-04,128.1252
2024-07-05,96.4085
2024-07-06,104.763
2024-07-07,117.8973
2024-07-08,139.8192
2024-07-09,165.9544
2024-07-10,142.8083
2024-07-11,169.849
2024-07-12,140.778
2024-07-13,113.6902
2024-07-14,119.6185
2024-07-15,151.6125
2024-07-16,91.7917
2024-07-17,118.2037
2024-07-18,110.5569
2024-07-19,158.416
2024-07-20,167.7191
2024-07-21,148.1647
2024-07-22,162.3096
2024-07-23,122.0834
2024-07-24,160.6154
2024-07-25,135.1472
2024-07-26,90.3895
2024-07-27,109.7068
2024-07-28,93.4544
2024-07-29,166.3376
2024-07-30,96.8759
2024-07-31,125.996
2024-08-01,138.1803
2024-08-02,119.9201
2024-08-03,136.5038
2024-08-04,167.5282
2024-08-05,96.1473
2024-08-06,142.3364
2024-08-07,146.2704
2024-08-08,126.7424
2024-08-09,136.5471
2024-08-10,156.0792
2024-08-11,137.0722
2024-08-12,91.311
2024-08-13,150.9542
2024-08-14,164.8859
2024-08-15,100.4791
2024-08-16,106.6311
2024-08-17,91.6065
2024-08-18,144.0337
2024-08-19,95.8079
2024-08-20,97.5884
2024-08-21,135.6547
2024-08-22,108.4088
2024-08-23,154.7841
2024-08-24,111.9858
2024-08-25,124.6425
2024-08-26,103.3824
2024-08-27,121.3508
2024-08-28,164.9941
2024-08-29,136.7632
2024-08-30,104.5892
2024-08-31,102.5145
2024-09-01,135.8138
2024-09-02,138.8869
2024-09-03,152.171
2024-09-04,112.7572
2024-09-05,163.9919
2024-09-06,108.7517
2024-09-07,100.8654
2024-09-08,96.8055
2024-09-09,146.16
2024-09-10,126.4153
2024-09-11,108.5319
2024-09-12,162.6881
2024-09-13,142.2434
2024-09-14,91.8753
2024-09-15,104.8505
2024-09-16,145.4802
2024-09-17,105.2019
2024-09-18,131.3649
2024-09-19,166.5089
2024-09-20,117.6607
2024-09-21,101.5076
2024-09-22,145.8907
2024-09-23,119.9333
2024-09-24,143.494
2024-09-25,143.3914
2024-09-26,101.4147
2024-09-27,103.806
2024-09-28,125.6093
2024-09-29,106.2647
2024-09-30,116.9931
2024-10-01,131.2512
2024-10-02,115.004
2024-10-03,157.3941
2024-10-04,99.6653
2024-10-05,162.2866
2024-10-06,136.5814
2024-10-07,111.4673
2024-10-08,110.0806
2024-10-09,98.579
2024-10-10,165.2601
2024-10-11,158.4028
2024-10-12,100.2792
2024-10-13,96.6764
2024-10-14,104.19
2024-10-15,93.349
2024-10-16,149.2884
2024-10-17,141.4412
2024-10-18,93.9012
2024-10-19,141.135
2024-10-20,142.7342
2024-10-21,128.1306
2024-10-22,113.8845
2024-10-23,135.1351
2024-10-24,138.5993
2024-10-25,134.1558
2024-10-26,133.6978
2024-10-27,125.6562
2024-10-28,130.5167
2024-10-29,109.2218
2024-10-30,119.4661
2024-10-31,167.3782
2024-11-01,113.532
2024-11-02,132.1591
2024-11-03,102.7244
2024-11-04,159.0614
2024-11-05,103.7121
2024-11-06,142.1606
2024-11-07,90.2046
2024-11-08,166.255
2024-11-09,142.409
2024-11-10,123.3598
2024-11-11,99.8415
2024-11-12,108.9039
2024-11-13,100.1882
2024-11-14,92.9871
2024-11-15,141.3046
2024-11-16,104.3483
2024-11-17,148.8226
2024-11-18,106.5177
2024-11-19,140.0231
2024-11-20,104.4225
2024-11-21,97.811
2024-11-22,102.8227
2024-11-23,116.7684
2024-11-24,94.8929
2024-11-25,125.8279
2024-11-26,124.543
2024-11-27,99.837
2024-11-28,142.2489
2024-11-29,169.8015
2024-11-30,168.9411
2024-12-01,150.1981
2024-12-02,120.246
2024-12-03,111.416
2024-12-04,136.9533
2024-12-05,120.6429
2024-12-06,99.6003
2024-12-07,154.9536
2024-12-08,108.437
2024-12-09,159.2971
2024-12-10,90.9708
2024-12-11,108.6281
2024-12-12,112.2809
2024-12-13,124.7254
2024-12-14,157.3188
2024-12-15,126.8962
2024-12-16,129.8977
2024-12-17,135.4412
2024-12-18,153.1527
2024-12-19,96.3019
2024-12-20,136.845
2024-12-21,100.7957
2024-12-22,128.0627
2024-12-23,154.2971
2024-12-24,95.4261
2024-12-25,145.7045
2024-12-26,99.7837
2024-12-27,122.0619
2024-12-28,111.5124
2024-12-29,144.141
2024-12-30,134.6314
2024-12-31,154.6677
2025-01-01,157.756
2025-01-02,93.9824
2025-01-03,132.3368
2025-01-04,159.8436
2025-01-05,133.3054
2025-01-06,131.1149
2025-01-07,154.8671
2025-01-08,153.1046
2025-01-09,96.6942
2025-01-10,91.67
2025-01-11,90.6628
2025-01-12,155.5485
2025-01-13,106.9931
2025-01-14,162.3089
2025-01-15,148.5669
2025-01-16,156.8621
2025-01-17,151.5949
2025-01-18,141.5131
2025-01-19,112.422
2025-01-20,142.6792
2025-01-21,137.7638
2025-01-22,127.8745
2025-01-23,110.2257
2025-01-24,161.0655
2025-01-25,105.2945
2025-01-26,153.7215
2025-01-27,154.005
2025-01-28,166.8728
2025-01-29,145.9236
2025-01-30,110.6783
2025-01-31,135.5057
2025-02-01,168.2493
2025-02-02,126.8243
2025-02-03,92.4112
2025-02-04,122.3546
2025-02-05,123.4598
2025-02-06,147.5725
2025-02-07,146.4839
2025-02-08,108.8252
2025-02-09,151.2667
2025-02-10,116.5408
2025-02-11,110.8285
2025-02-12,164.1411
2025-02-13,135.229
2025-02-14,107.9109
2025-02-15,118.8896
2025-02-16,156.6087
2025-02-17,107.6781
2025-02-18,101.5784
2025-02-19,112.9859
2025-02-20,118.7589
2025-02-21,142.6854
2025-02-22,114.7872
2025-02-23,143.5915
2025-02-24,95.0485
2025-02-25,145.8838
2025-02-26,105.057
2025-02-27,121.6493
2025-02-28,108.8086
2025-03-01,90.0356
2025-03-02,101.1192
2025-03-03,102.5824
2025-03-04,96.6227
2025-03-05,123.3435
2025-03-06,139.3256
2025-03-07,91.9784
2025-03-08,94.9584
2025-03-09,121.4956
2025-03-10,111.1629
2025-03-11,125.9907
2025-03-12,98.5534
2025-03-13,157.7452
2025-03-14,125.1993
2025-03-15,118.8861
2025-03-16,144.276
2025-03-17,122.7164
2025-03-18,141.4676
2025-03-19,128.6802
2025-03-20,90.689
2025-03-21,93.4637
2025-03-22,92.9171
2025-03-23,134.0486
2025-03-24,131.0751
2025-03-25,145.7027
2025-03-26,132.6479
2025-03-27,105.2796
2025-03-28,155.3514
2025-03-29,147.2827
2025-03-30,117.5454
2025-03-31,162.9683
2025-04-01,140.1732
2025-04-02,124.5513
2025-04-03,144.4904
2025-04-04,147.007
2025-04-05,109.4995
2025-04-06,103.6421
2025-04-07,146.0666
2025-04-08,127.6182
2025-04-09,91.8511
2025-04-10,132.7798
2025-04-11,145.6697
2025-04-12,104.7742
2025-04-13,163.5525
2025-04-14,91.3312
2025-04-15,148.5654
2025-04-16,115.2355
2025-04-17,130.7868
2025-04-18,126.3449
2025-04-19,92.8892
2025-04-20,116.1592
2025-04-21,115.9443
2025-04-22,97.1562
2025-04-23,117.9453
2025-04-24,135.6258
2025-04-25,160.8311
2025-04-26,103.4095
2025-04-27,133.0742
2025-04-28,114.7988
2025-04-29,117.4994
2025-04-30,126.9452
2025-05-01,153.3746
2025-05-02,152.4141
2025-05-03,120.0317
2025-05-04,155.1901
2025-05-05,152.3613
2025-05-06,95.1684
2025-05-07,113.0148
2025-05-08,141.1843
2025-05-09,132.7662
2025-05-10,164.8264
2025-05-11,160.8538
2025-05-12,148.7621
2025-05-13,114.718
2025-05-14,123.4074
2025-05-15,99.06
2025-05-16,98.0632
2025-05-17,104.843
2025-05-18,138.4773
2025-05-19,112.3286
2025-05-20,165.6905
2025-05-21,128.2033
2025-05-22,96.4046
2025-05-23,127.4091
2025-05-24,134.3612
2025-05-25,165.9225
2025-05-26,118.2206
2025-05-27,151.1042
2025-05-28,153.4535
2025-05-29,96.4398
2025-05-30,136.0378
2025-05-31,136.9741
2025-06-01,118.4845
2025-06-02,149.8688
2025-06-03,111.4903
2025-06-04,91.6104
2025-06-05,165.349
2025-06-06,113.0712
2025-06-07,161.7239
2025-06-08,166.2978
2025-06-09,122.5658
2025-06-10,147.9994
2025-06-11,133.701
2025-06-12,150.1745
2025-06-13,121.4968
2025-06-14,162.127
2025-06-15,126.7269
2025-06-16,128.964
2025-06-17,107.9276
2025-06-18,123.943
2025-06-19,94.8021
2025-06-20,126.0069
2025-06-21,162.2159
2025-06-22,149.2172
2025-06-23,116.9313
2025-06-24,165.2027
2025-06-25,95.9336
2025-06-26,90.7311
2025-06-27,100.8688
2025-06-28,144.8689
2025-06-29,112.1633
2025-06-30,134.8061
2025-07-01,141.0364
2025-07-02,158.2892
2025-07-03,136.5433
2025-07-04,125.0879
2025-07-05,122.4868
2025-07-06,168.9893
2025-07-07,113.7256
2025-07-08,146.9807
2025-07-09,117.4669
2025-07-10,126.5034
2025-07-11,109.7099
2025-07-12,166.9612
2025-07-13,90.5839
2025-07-14,124.2598
2025-07-15,163.9168
2025-07-16,150.8501
2025-07-17,109.3395
2025-07-18,139.8415
2025-07-19,121.4503
2025-07-20,96.5822
2025-07-21,103.9735
2025-07-22,133.3066
2025-07-23,162.7735
2025-07-24,92.3066
2025-07-25,155.0003
2025-07-26,121.4262
2025-07-27,146.4373
2025-07-28,115.0967
2025-07-29,167.0788
2025-07-30,146.6865
2025-07-31,100.6523
2025-08-01,139.205
2025-08-02,162.0525
2025-08-03,114.6074
2025-08-04,129.3949
2025-08-05,154.535
2025-08-06,133.2151
2025-08-07,115.6104
2025-08-08,93.8531
2025-08-09,102.174
2025-08-10,97.6582
2025-08-11,142.6502
2025-08-12,113.7246
2025-08-13,97.4581
2025-08-14,158.2237
2025-08-15,160.4409
2025-08-16,113.7462
2025-08-17,149.6587
2025-08-18,128.0929
2025-08-19,104.6578
2025-08-20,106.7625
2025-08-21,95.9959
2025-08-22,126.4603
2025-08-23,152.2058
2025-08-24,147.8756
2025-08-25,132.6775
2025-08-26,105.4195
2025-08-27,131.41
2025-08-28,144.8489
2025-08-29,148.1137
2025-08-30,147.1594
2025-08-31,129.8969
2025-09-01,164.1252
2025-09-02,96.1206
2025-09-03,154.089
2025-09-04,146.1816
2025-09-05,148.8181
2025-09-06,107.206
2025-09-07,149.2431
2025-09-08,136.4778
2025-09-09,131.6359
2025-09-10,160.1137
2025-09-11,115.7432
2025-09-12,90.7374
2025-09-13,124.8922
2025-09-14,145.7154
2025-09-15,151.5272
2025-09-16,156.5385
2025-09-17,97.9313
2025-09-18,101.4725
2025-09-19,169.3464
2025-09-20,154.1964
2025-09-21,101.1928
2025-09-22,102.2067
2025-09-23,137.3536
2025-09-24,138.4749
2025-09-25,92.9315
2025-09-26,139.2456
2025-09-27,92.3105
2025-09-28,157.5402
2025-09-29,114.4951
2025-09-30,147.9675
2025-10-01,122.3197
2025-10-02,102.4083
2025-10-03,144.7923
2025-10-04,165.4348
2025-10-05,139.851
2025-10-06,111.7046
2025-10-07,124.4277
2025-10-08,141.5067
2025-10-09,154.2354
2025-10-10,150.2454
2025-10-11,168.8462
2025-10-12,153.9952
2025-10-13,109.0197
2025-10-14,145.4433
2025-10-15,125.2922
2025-10-16,141.5162
2025-10-17,127.5806
2025-10-18,125.3243
2025-10-19,145.165
2025-10-20,156.7469
2025-10-21,100.722
2025-10-22,149.6992
2025-10-23,95.0266
2025-10-24,104.954
2025-10-25,143.071
2025-10-26,108.1879
2025-10-27,160.8584
2025-10-28,130.2744
2025-10-29,148.7126
2025-10-30,116.9437
2025-10-31,95.4364
2025-11-01,129.9772
2025-11-02,133.7792
2025-11-03,138.93
2025-11-04,98.8371
2025-11-05,93.5893
2025-11-06,161.6933
2025-11-07,169.9942
2025-11-08,159.5749
2025-11-09,99.0413
2025-11-10,163.7289
2025-11-11,95.5307
2025-11-12,162.5162
2025-11-13,133.0719
2025-11-14,145.9626
2025-11-15,142.1136
2025-11-16,168.6133
2025-11-17,147.444
2025-11-18,90.402
2025-11-19,118.8248
2025-11-20,99.8472
2025-11-21,139.643
2025-11-22,95.5326
2025-11-23,108.8174
2025-11-24,118.2029
2025-11-25,91.9081
2025-11-26,149.6992
2025-11-27,96.0293
2025-11-28,125.7346
2025-11-29,137.6757
2025-11-30,137.6898
2025-12-01,138.3397
2025-12-02,150.0548
2025-12-03,90.8053
2025-12-04,166.8969
2025-12-05,139.0484
2025-12-06,148.1151
2025-12-07,110.1264
2025-12-08,101.8794
2025-12-09,98.5189
2025-12-10,155.9145
2025-12-11,135.9175
2025-12-12,147.8455
2025-12-13,110.2711
2025-12-14,145.6933
2025-12-15,100.8143
2025-12-16,164.3445
2025-12-17,134.2659
2025-12-18,120.1493
2025-12-19,92.7125
2025-12-20,149.0821
2025-12-21,159.613
2025-12-22,142.2645
2025-12-23,107.7756
2025-12-24,94.3648
2025-12-25,144.1677
2025-12-26,161.9744
2025-12-27,162.4035
2025-12-28,124.0747
2025-12-29,169.2078
2025-12-30,147.2346
2025-12-31,156.9553
2026-01-01,148.9598
2026-01-02,160.43
2026-01-03,161.6045
2026-01-04,92.3443
2026-01-05,114.4509
2026-01-06,104.4633
2026-01-07,167.5628
2026-01-08,164.334
2026-01-09,161.7672
2026-01-10,105.8943
2026-01-11,104.4168
2026-01-12,158.6042
2026-01-13,100.608
2026-01-14,151.6459
2026-01-15,108.1261
2026-01-16,99.246
2026-01-17,163.4257
2026-01-18,100.7201
2026-01-19,168.9063
2026-01-20,136.8815
2026-01-21,106.9189
2026-01-22,161.0839
2026-01-23,103.4151
2026-01-24,98.041
2026-01-25,97.9479
2026-01-26,100.4333
2026-01-27,144.3914
2026-01-28,160.3899
2026-01-29,104.936
2026-01-30,128.2765
2026-01-31,120.5691
2026-02-01,152.7793
2026-02-02,131.1992
2026-02-03,159.6601
2026-02-04,143.4402
2026-02-05,102.3912
2026-02-06,146.8568
2026-02-07,90.8472
2026-02-08,164.261
2026-02-09,94.9144
2026-02-10,128.722
2026-02-11,93.4984
2026-02-12,127.9655
2026-02-13,169.9145
2026-02-14,134.9382
2026-02-15,123.6049
2026-02-16,100.9587
2026-02-17,145.4033
2026-02-18,98.0529
2026-02-19,118.4844
2026-02-20,149.8501
2026-02-21,146.8532
2026-02-22,125.4562
2026-02-23,143.9559
2026-02-24,128.5766
2026-02-25,128.2939
2026-02-26,161.0657
2026-02-27,145.356
2026-02-28,159.2672
2026-03-01,146.2403
2026-03-02,96.1393
2026-03-03,126.0915
2026-03-04,142.5712
2026-03-05,128.5276
2026-03-06,103.1258
2026-03-07,158.5948
2026-03-08,91.3825
2026-03-09,165.449
2026-03-10,122.9328
2026-03-11,169.9852
2026-03-12,127.8781
2026-03-13,148.7679
2026-03-14,164.4039
2026-03-15,149.1859
2026-03-16,116.2667
2026-03-17,139.2405
2026-03-18,91.6663
2026-03-19,120.2647
2026-03-20,116.8604
2026-03-21,167.771
2026-03-22,151.5496
2026-03-23,133.1936
2026-03-24,113.3502
2026-03-25,132.0351
2026-03-26,167.4051
2026-03-27,169.6446
2026-03-28,140.5754
2026-03-29,124.8645
2026-03-30,117.1501
2026-03-31,134.3251
2026-04-01,99.8139
2026-04-02,140.9998
2026-04-03,95.0261
2026-04-04,132.7145
2026-04-05,99.0006
2026-04-06,132.2636
2026-04-07,154.9398
2026-04-08,90.5668
2026-04-09,153.5456
2026-04-10,92.9753
2026-04-11,140.3088
2026-04-12,166.4695
2026-04-13,127.818
2026-04-14,150.9075
2026-04-15,158.9005
2026-04-16,162.0838
2026-04-17,123.2099
2026-04-18,95.2798
2026-04-19,125.6117
2026-04-20,146.017
2026-04-21,132.8258
2026-04-22,133.603
2026-04-23,106.3734
2026-04-24,156.5161
2026-04-25,100.9238
2026-04-26,103.3551
2026-04-27,129.2257
2026-04-28,95.6117
2026-04-29,147.483
2026-04-30,120.0271
2026-05-01,128.7216
2026-05-02,151.5838
2026-05-03,166.7345
2026-05-04,138.016
2026-05-05,104.705
2026-05-06,114.7736
2026-05-07,152.3006
2026-05-08,124.6825
2026-05-09,131.1345
2026-05-10,97.0331
2026-05-11,94.6505
2026-05-12,169.858
2026-05-13,132.2793
2026-05-14,155.8156
2026-05-15,114.2341
2026-05-16,110.2638
2026-05-17,111.284
2026-05-18,113.8995
2026-05-19,122.1197
2026-05-20,122.0626
2026-05-21,151.4985
2026-05-22,134.7186
2026-05-23,136.1852
2026-05-24,131.6662
2026-05-25,110.9662
2026-05-26,135.1178
