date,predicted_price
2016-05-26,277.35
2016-05-27,347.56
2016-05-28,383.11
2016-05-29,104.91
2016-05-30,253.15
2016-05-31,259.53
2016-06-01,369.5
2016-06-02,248.43
2016-06-03,281.23
2016-06-04,156.3
2016-06-05,122.46
2016-06-06,191.82
2016-06-07,167.8
2016-06-08,167.67
2016-06-09,357.47
2016-06-10,301.46
2016-06-11,164.48
2016-06-12,245.61
2016-06-13,144.18
2016-06-14,383.45
2016-06-15,311.17
2016-06-16,362.89
2016-06-17,396.86
2016-06-18,106.89
2016-06-19,298.06
2016-06-20,332.09
2016-06-21,325.85
2016-06-22,325.47
2016-06-23,289.74
2016-06-24,223.62
2016-06-25,319.97
2016-06-26,331.54
2016-06-27,293.33
2016-06-28,315.86
2016-06-29,121.74
2016-06-30,370.16
2016-07-01,191.04
2016-07-02,303.9
2016-07-03,336.48
2016-07-04,187.84
2016-07-05,150.6
2016-07-06,328.09
2016-07-07,212.41
2016-07-08,301.61
2016-07-09,313.66
2016-07-10,212.01
2016-07-11,259.57
2016-07-12,106.79
2016-07-13,106.56
2016-07-14,390.44
2016-07-15,323.91
2016-07-16,312.33
2016-07-17,258.74
2016-07-18,272.95
2016-07-19,318.11
2016-07-20,372.23
2016-07-21,214.72
2016-07-22,193.88
2016-07-23,111.75
2016-07-24,207.03
2016-07-25,378.44
2016-07-26,332.4
2016-07-27,190.54
2016-07-28,290.06
2016-07-29,344.99
2016-07-30,101.66
2016-07-31,388.45
2016-08-01,355.99
2016-08-02,100.62
2016-08-03,247.02
2016-08-04,317.94
2016-08-05,104.02
2016-08-06,179.23
2016-08-07,374.38
2016-08-08,393.33
2016-08-09,278.63
2016-08-10,235.48
2016-08-11,399.22
2016-08-12,163.05
2016-08-13,291.02
2016-08-14,379.34
2016-08-15,385.13
2016-08-16,142.8
2016-08-17,175.51
2016-08-18,124.77
2016-08-19,267.43
2016-08-20,326.48
2016-08-21,207.42
2016-08-22,129.5
2016-08-23,188.01
2016-08-24,353.15
2016-08-25,249.99
2016-08-26,106.7
2016-08-27,396.55
2016-08-28,151.62
2016-08-29,372.26
2016-08-30,356.38
2016-08-31,280.0
2016-09-01,115.21
2016-09-02,324.27
2016-09-03,265.29
2016-09-04,344.49
2016-09-05,384.7
2016-09-06,181.17
2016-09-07,340.42
2016-09-08,102.44
2016-09-09,293.25
2016-09-10,123.08
2016-09-11,167.72
2016-09-12,171.84
2016-09-13,304.16
2016-09-14,236.9
2016-09-15,212.85
2016-09-16,377.85
2016-09-17,122.12
2016-09-18,384.88
2016-09-19,241.74
2016-09-20,395.37
2016-09-21,295.11
2016-09-22,127.93
2016-09-23,174.06
2016-09-24,169.24
2016-09-25,373.04
2016-09-26,167.18
2016-09-27,213.71
2016-09-28,396.54
2016-09-29,326.77
2016-09-30,325.94
2016-10-01,171.33
2016-10-02,313.62
2016-10-03,231.88
2016-10-04,321.25
2016-10-05,368.97
2016-10-06,116.36
2016-10-07,397.82
2016-10-08,183.83
2016-10-09,333.69
2016-10-10,290.58
2016-10-11,118.85
2016-10-12,131.06
2016-10-13,392.1
2016-10-14,364.76
2016-10-15,242.25
2016-10-16,176.32
2016-10-17,233.87
2016-10-18,144.34
2016-10-19,124.1
2016-10-20,280.19
2016-10-21,106.29
2016-10-22,390.52
2016-10-23,259.15
2016-10-24,173.91
2016-10-25,350.84
2016-10-26,305.16
2016-10-27,347.1
2016-10-28,350.34
2016-10-29,345.72
2016-10-30,191.81
2016-10-31,381.26
2016-11-01,232.41
2016-11-02,195.67
2016-11-03,386.27
2016-11-04,374.2
2016-11-05,169.16
2016-11-06,110.57
2016-11-07,205.11
2016-11-08,186.03
2016-11-09,207.63
2016-11-10,233.85
2016-11-11,300.18
2016-11-12,320.49
2016-11-13,356.87
2016-11-14,384.94
2016-11-15,242.31
2016-11-16,106.68
2016-11-17,201.87
2016-11-18,142.98
2016-11-19,121.6
2016-11-20,190.8
2016-11-21,363.33
2016-11-22,238.78
2016-11-23,216.44
2016-11-24,104.32
2016-11-25,391.94
2016-11-26,279.73
2016-11-27,357.73
2016-11-28,204.12
2016-11-29,209.36
2016-11-30,388.92
2016-12-01,296.38
2016-12-02,143.12
2016-12-03,157.93
2016-12-04,284.34
2016-12-05,315.67
2016-12-06,187.4
2016-12-07,272.26
2016-12-08,226.77
2016-12-09,259.93
2016-12-10,333.34
2016-12-11,368.72
2016-12-12,349.89
2016-12-13,137.16
2016-12-14,332.19
2016-12-15,269.25
2016-12-16,168.54
2016-12-17,282.2
2016-12-18,204.31
2016-12-19,151.67
2016-12-20,171.26
2016-12-21,247.24
2016-12-22,166.12
2016-12-23,156.88
2016-12-24,320.59
2016-12-25,255.88
2016-12-26,394.57
2016-12-27,305.53
2016-12-28,151.4
2016-12-29,347.54
2016-12-30,374.84
2016-12-31,285.41
2017-01-01,174.82
2017-01-02,302.57
2017-01-03,386.03
2017-01-04,310.35
2017-01-05,282.81
2017-01-06,364.67
2017-01-07,335.34
2017-01-08,295.5
2017-01-09,326.86
2017-01-10,170.96
2017-01-11,132.85
2017-01-12,302.25
2017-01-13,213.42
2017-01-14,301.76
2017-01-15,114.78
2017-01-16,109.12
2017-01-17,224.48
2017-01-18,258.44
2017-01-19,359.45
2017-01-20,332.49
2017-01-21,122.29
2017-01-22,221.75
2017-01-23,295.44
2017-01-24,335.89
2017-01-25,153.31
2017-01-26,389.69
2017-01-27,151.86
2017-01-28,287.99
2017-01-29,147.17
2017-01-30,306.61
2017-01-31,146.77
2017-02-01,382.43
2017-02-02,143.12
2017-02-03,177.54
2017-02-04,175.72
2017-02-05,112.12
2017-02-06,142.21
2017-02-07,379.65
2017-02-08,399.63
2017-02-09,108.27
2017-02-10,266.44
2017-02-11,186.32
2017-02-12,295.88
2017-02-13,256.27
2017-02-14,127.72
2017-02-15,364.6
2017-02-16,211.28
2017-02-17,136.95
2017-02-18,295.58
2017-02-19,237.74
2017-02-20,348.09
2017-02-21,121.3
2017-02-22,326.41
2017-02-23,330.49
2017-02-24,386.69
2017-02-25,366.09
2017-02-26,311.52
2017-02-27,149.97
2017-02-28,305.8
2017-03-01,107.43
2017-03-02,241.54
2017-03-03,377.55
2017-03-04,355.77
2017-03-05,141.01
2017-03-06,304.42
2017-03-07,290.74
2017-03-08,272.02
2017-03-09,206.49
2017-03-10,241.83
2017-03-11,302.82
2017-03-12,307.92
2017-03-13,354.05
2017-03-14,220.48
2017-03-15,318.44
2017-03-16,353.35
2017-03-17,248.36
2017-03-18,296.55
2017-03-19,252.56
2017-03-20,216.07
2017-03-21,314.67
2017-03-22,372.56
2017-03-23,269.92
2017-03-24,281.27
2017-03-25,281.07
2017-03-26,216.9
2017-03-27,354.45
2017-03-28,321.85
2017-03-29,336.85
2017-03-30,204.92
2017-03-31,352.45
2017-04-01,380.03
2017-04-02,375.05
2017-04-03,335.98
2017-04-04,113.04
2017-04-05,355.1
2017-04-06,395.57
2017-04-07,249.86
2017-04-08,242.24
2017-04-09,335.72
2017-04-10,227.47
2017-04-11,231.01
2017-04-12,372.49
2017-04-13,193.07
2017-04-14,295.84
2017-04-15,308.68
2017-04-16,169.84
2017-04-17,253.88
2017-04-18,161.2
2017-04-19,341.29
2017-04-20,127.64
2017-04-21,297.02
2017-04-22,278.87
2017-04-23,202.21
2017-04-24,307.43
2017-04-25,346.81
2017-04-26,355.7
2017-04-27,145.93
2017-04-28,296.02
2017-04-29,201.5
2017-04-30,186.38
2017-05-01,266.54
2017-05-02,166.25
2017-05-03,332.25
2017-05-04,330.45
2017-05-05,161.92
2017-05-06,135.86
2017-05-07,316.84
2017-05-08,296.33
2017-05-09,268.16
2017-05-10,376.69
2017-05-11,269.26
2017-05-12,184.2
2017-05-13,350.97
2017-05-14,375.55
2017-05-15,337.24
2017-05-16,272.49
2017-05-17,286.8
2017-05-18,226.36
2017-05-19,339.59
2017-05-20,296.09
2017-05-21,241.94
2017-05-22,110.33
2017-05-23,108.95
2017-05-24,149.0
2017-05-25,395.85
2017-05-26,171.56
2017-05-27,214.24
2017-05-28,171.08
2017-05-29,128.02
2017-05-30,267.12
2017-05-31,241.09
2017-06-01,259.37
2017-06-02,111.34
2017-06-03,321.88
2017-06-04,297.97
2017-06-05,205.21
2017-06-06,110.76
2017-06-07,295.32
2017-06-08,180.6
2017-06-09,371.91
2017-06-10,245.83
2017-06-11,331.83
2017-06-12,275.75
2017-06-13,261.41
2017-06-14,365.05
2017-06-15,133.96
2017-06-16,296.81
2017-06-17,125.41
2017-06-18,142.5
2017-06-19,381.0
2017-06-20,257.62
2017-06-21,309.31
2017-06-22,115.57
2017-06-23,394.83
2017-06-24,180.37
2017-06-25,218.71
2017-06-26,243.39
2017-06-27,198.44
2017-06-28,295.07
2017-06-29,210.38
2017-06-30,369.76
2017-07-01,100.78
2017-07-02,362.25
2017-07-03,216.15
2017-07-04,318.53
2017-07-05,383.67
2017-07-06,160.13
2017-07-07,268.55
2017-07-08,281.15
2017-07-09,210.23
2017-07-10,240.53
2017-07-11,118.12
2017-07-12,366.96
2017-07-13,165.83
2017-07-14,217.9
2017-07-15,310.19
2017-07-16,377.3
2017-07-17,379.8
2017-07-18,284.89
2017-07-19,275.13
2017-07-20,354.27
2017-07-21,358.54
2017-07-22,118.67
2017-07-23,143.97
2017-07-24,105.96
2017-07-25,273.59
2017-07-26,384.11
2017-07-27,385.03
2017-07-28,332.59
2017-07-29,243.75
2017-07-30,394.73
2017-07-31,292.94
2017-08-01,143.5
2017-08-02,119.29
2017-08-03,102.28
2017-08-04,252.22
2017-08-05,151.97
2017-08-06,302.87
2017-08-07,262.3
2017-08-08,332.96
2017-08-09,302.18
2017-08-10,168.7
2017-08-11,367.65
2017-08-12,353.86
2017-08-13,155.06
2017-08-14,227.27
2017-08-15,154.9
2017-08-16,227.07
2017-08-17,127.24
2017-08-18,269.89
2017-08-19,314.98
2017-08-20,132.53
2017-08-21,101.53
2017-08-22,206.38
2017-08-23,132.68
2017-08-24,190.99
2017-08-25,163.66
2017-08-26,384.32
2017-08-27,236.77
2017-08-28,146.28
2017-08-29,144.05
2017-08-30,301.31
2017-08-31,262.07
2017-09-01,243.27
2017-09-02,258.42
2017-09-03,330.67
2017-09-04,152.68
2017-09-05,219.59
2017-09-06,288.17
2017-09-07,259.35
2017-09-08,206.59
2017-09-09,340.79
2017-09-10,330.08
2017-09-11,272.83
2017-09-12,153.16
2017-09-13,218.02
2017-09-14,251.58
2017-09-15,279.4
2017-09-16,305.92
2017-09-17,313.7
2017-09-18,346.05
2017-09-19,183.64
2017-09-20,336.54
2017-09-21,323.72
2017-09-22,142.11
2017-09-23,167.94
2017-09-24,289.3
2017-09-25,256.41
2017-09-26,100.57
2017-09-27,181.86
2017-09-28,335.22
2017-09-29,266.09
2017-09-30,230.67
2017-10-01,388.89
2017-10-02,247.43
2017-10-03,327.3
2017-10-04,335.86
2017-10-05,263.87
2017-10-06,195.34
2017-10-07,316.01
2017-10-08,381.25
2017-10-09,136.7
2017-10-10,224.09
2017-10-11,281.1
2017-10-12,158.43
2017-10-13,106.68
2017-10-14,339.45
2017-10-15,239.14
2017-10-16,189.24
2017-10-17,374.59
2017-10-18,189.97
2017-10-19,167.98
2017-10-20,108.39
2017-10-21,283.04
2017-10-22,123.03
2017-10-23,176.47
2017-10-24,114.45
2017-10-25,113.56
2017-10-26,353.33
2017-10-27,275.8
2017-10-28,281.52
2017-10-29,387.93
2017-10-30,306.94
2017-10-31,285.64
2017-11-01,276.72
2017-11-02,331.37
2017-11-03,285.48
2017-11-04,299.8
2017-11-05,269.99
2017-11-06,112.81
2017-11-07,284.57
2017-11-08,174.43
2017-11-09,268.82
2017-11-10,230.26
2017-11-11,193.36
2017-11-12,321.33
2017-11-13,270.97
2017-11-14,348.35
2017-11-15,346.72
2017-11-16,224.44
2017-11-17,363.49
2017-11-18,278.4
2017-11-19,146.78
2017-11-20,134.83
2017-11-21,171.68
2017-11-22,160.61
2017-11-23,369.02
2017-11-24,220.95
2017-11-25,122.05
2017-11-26,226.28
2017-11-27,159.19
2017-11-28,294.14
2017-11-29,263.89
2017-11-30,142.97
2017-12-01,190.96
2017-12-02,296.99
2017-12-03,384.95
2017-12-04,118.57
2017-12-05,370.11
2017-12-06,264.93
2017-12-07,245.37
2017-12-08,339.52
2017-12-09,220.97
2017-12-10,373.21
2017-12-11,370.55
2017-12-12,363.72
2017-12-13,124.04
2017-12-14,244.36
2017-12-15,192.97
2017-12-16,176.54
2017-12-17,143.61
2017-12-18,209.88
2017-12-19,163.05
2017-12-20,278.86
2017-12-21,127.19
2017-12-22,372.45
2017-12-23,366.11
2017-12-24,226.93
2017-12-25,213.13
2017-12-26,340.55
2017-12-27,364.93
2017-12-28,180.26
2017-12-29,398.02
2017-12-30,140.66
2017-12-31,157.36
2018-01-01,258.08
2018-01-02,269.3
2018-01-03,237.69
2018-01-04,272.57
2018-01-05,221.26
2018-01-06,332.05
2018-01-07,355.31
2018-01-08,158.24
2018-01-09,330.03
2018-01-10,278.49
2018-01-11,357.63
2018-01-12,265.06
2018-01-13,138.87
2018-01-14,119.79
2018-01-15,282.36
2018-01-16,131.69
2018-01-17,366.87
2018-01-18,300.23
2018-01-19,297.64
2018-01-20,214.91
2018-01-21,268.32
2018-01-22,322.67
2018-01-23,242.27
2018-01-24,278.21
2018-01-25,240.43
2018-01-26,290.1
2018-01-27,162.9
2018-01-28,173.51
2018-01-29,310.02
2018-01-30,273.64
2018-01-31,161.27
2018-02-01,147.42
2018-02-02,294.51
2018-02-03,248.17
2018-02-04,101.27
2018-02-05,381.06
2018-02-06,345.97
2018-02-07,268.68
2018-02-08,303.43
2018-02-09,219.7
2018-02-10,180.47
2018-02-11,376.2
2018-02-12,225.9
2018-02-13,210.87
2018-02-14,308.46
2018-02-15,253.27
2018-02-16,396.57
2018-02-17,385.13
2018-02-18,256.42
2018-02-19,172.78
2018-02-20,273.23
2018-02-21,296.57
2018-02-22,366.04
2018-02-23,102.03
2018-02-24,394.02
2018-02-25,289.04
2018-02-26,225.51
2018-02-27,148.0
2018-02-28,131.14
2018-03-01,102.11
2018-03-02,385.98
2018-03-03,143.75
2018-03-04,261.73
2018-03-05,301.64
2018-03-06,116.03
2018-03-07,345.42
2018-03-08,126.4
2018-03-09,332.69
2018-03-10,189.29
2018-03-11,153.51
2018-03-12,275.69
2018-03-13,277.27
2018-03-14,220.87
2018-03-15,281.94
2018-03-16,230.69
2018-03-17,394.84
2018-03-18,174.9
2018-03-19,185.66
2018-03-20,322.38
2018-03-21,292.8
2018-03-22,191.99
2018-03-23,321.53
2018-03-24,238.49
2018-03-25,337.2
2018-03-26,253.98
2018-03-27,200.71
2018-03-28,228.31
2018-03-29,154.21
2018-03-30,188.4
2018-03-31,220.01
2018-04-01,340.13
2018-04-02,312.09
2018-04-03,198.21
2018-04-04,360.27
2018-04-05,135.46
2018-04-06,294.8
2018-04-07,178.79
2018-04-08,154.94
2018-04-09,187.42
2018-04-10,211.5
2018-04-11,190.59
2018-04-12,324.81
2018-04-13,179.77
2018-04-14,378.09
2018-04-15,106.95
2018-04-16,377.6
2018-04-17,325.66
2018-04-18,392.32
2018-04-19,133.27
2018-04-20,196.29
2018-04-21,277.8
2018-04-22,183.68
2018-04-23,373.5
2018-04-24,271.26
2018-04-25,115.07
2018-04-26,147.45
2018-04-27,364.09
2018-04-28,222.58
2018-04-29,384.53
2018-04-30,144.06
2018-05-01,337.78
2018-05-02,359.64
2018-05-03,251.85
2018-05-04,335.88
2018-05-05,346.4
2018-05-06,111.73
2018-05-07,221.62
2018-05-08,369.1
2018-05-09,366.64
2018-05-10,224.32
2018-05-11,185.69
2018-05-12,295.45
2018-05-13,185.02
2018-05-14,225.11
2018-05-15,370.82
2018-05-16,343.9
2018-05-17,133.32
2018-05-18,262.4
2018-05-19,165.79
2018-05-20,335.98
2018-05-21,195.07
2018-05-22,215.35
2018-05-23,271.26
2018-05-24,361.71
2018-05-25,141.94
2018-05-26,270.88
2018-05-27,164.91
2018-05-28,209.24
2018-05-29,181.08
2018-05-30,321.3
2018-05-31,281.74
2018-06-01,141.3
2018-06-02,353.88
2018-06-03,386.43
2018-06-04,113.84
2018-06-05,237.92
2018-06-06,220.05
2018-06-07,117.7
2018-06-08,245.47
2018-06-09,394.48
2018-06-10,204.87
2018-06-11,161.36
2018-06-12,293.83
2018-06-13,249.81
2018-06-14,373.39
2018-06-15,190.26
2018-06-16,209.15
2018-06-17,255.23
2018-06-18,110.05
2018-06-19,127.49
2018-06-20,382.1
2018-06-21,368.8
2018-06-22,136.71
2018-06-23,112.37
2018-06-24,173.49
2018-06-25,194.95
2018-06-26,119.42
2018-06-27,127.45
2018-06-28,351.16
2018-06-29,350.88
2018-06-30,160.16
2018-07-01,157.56
2018-07-02,118.27
2018-07-03,360.08
2018-07-04,238.2
2018-07-05,282.6
2018-07-06,123.43
2018-07-07,207.81
2018-07-08,246.35
2018-07-09,111.42
2018-07-10,304.37
2018-07-11,224.33
2018-07-12,268.9
2018-07-13,270.56
2018-07-14,318.41
2018-07-15,293.82
2018-07-16,375.14
2018-07-17,149.55
2018-07-18,129.56
2018-07-19,186.76
2018-07-20,277.76
2018-07-21,218.92
2018-07-22,223.49
2018-07-23,222.07
2018-07-24,231.63
2018-07-25,235.77
2018-07-26,312.02
2018-07-27,257.57
2018-07-28,168.44
2018-07-29,140.85
2018-07-30,297.52
2018-07-31,314.01
2018-08-01,224.69
2018-08-02,213.18
2018-08-03,308.12
2018-08-04,238.55
2018-08-05,199.02
2018-08-06,377.75
2018-08-07,247.05
2018-08-08,365.66
2018-08-09,246.27
2018-08-10,293.24
2018-08-11,261.74
2018-08-12,357.59
2018-08-13,291.28
2018-08-14,172.08
2018-08-15,393.51
2018-08-16,270.59
2018-08-17,174.7
2018-08-18,375.34
2018-08-19,399.83
2018-08-20,371.34
2018-08-21,373.58
2018-08-22,266.98
2018-08-23,344.19
2018-08-24,187.13
2018-08-25,180.09
2018-08-26,112.48
2018-08-27,326.77
2018-08-28,121.83
2018-08-29,395.44
2018-08-30,293.57
2018-08-31,178.15
2018-09-01,254.65
2018-09-02,288.27
2018-09-03,306.45
2018-09-04,108.47
2018-09-05,340.75
2018-09-06,130.69
2018-09-07,236.23
2018-09-08,329.47
2018-09-09,278.46
2018-09-10,123.8
2018-09-11,327.75
2018-09-12,256.0
2018-09-13,198.86
2018-09-14,120.0
2018-09-15,154.61
2018-09-16,315.16
2018-09-17,164.9
2018-09-18,208.12
2018-09-19,174.97
2018-09-20,373.62
2018-09-21,248.59
2018-09-22,186.8
2018-09-23,263.66
2018-09-24,134.23
2018-09-25,163.21
2018-09-26,215.65
2018-09-27,318.95
2018-09-28,184.38
2018-09-29,358.91
2018-09-30,389.19
2018-10-01,392.17
2018-10-02,200.3
2018-10-03,343.46
2018-10-04,141.19
2018-10-05,341.61
2018-10-06,230.72
2018-10-07,371.87
2018-10-08,111.06
2018-10-09,289.8
2018-10-10,366.68
2018-10-11,320.34
2018-10-12,395.77
2018-10-13,387.83
2018-10-14,161.8
2018-10-15,199.75
2018-10-16,164.36
2018-10-17,132.18
2018-10-18,275.92
2018-10-19,140.55
2018-10-20,125.12
2018-10-21,178.28
2018-10-22,153.31
2018-10-23,259.36
2018-10-24,293.12
2018-10-25,392.38
2018-10-26,199.03
2018-10-27,254.9
2018-10-28,351.37
2018-10-29,265.6
2018-10-30,284.69
2018-10-31,114.03
2018-11-01,173.91
2018-11-02,288.21
2018-11-03,272.11
2018-11-04,380.38
2018-11-05,323.71
2018-11-06,286.0
2018-11-07,272.35
2018-11-08,386.09
2018-11-09,342.13
2018-11-10,132.0
2018-11-11,231.88
2018-11-12,322.64
2018-11-13,183.78
2018-11-14,265.83
2018-11-15,344.48
2018-11-16,353.42
2018-11-17,258.27
2018-11-18,145.19
2018-11-19,305.74
2018-11-20,245.88
2018-11-21,104.92
2018-11-22,290.2
2018-11-23,242.35
2018-11-24,141.32
2018-11-25,230.26
2018-11-26,376.31
2018-11-27,208.63
2018-11-28,172.96
2018-11-29,109.56
2018-11-30,346.34
2018-12-01,352.66
2018-12-02,229.41
2018-12-03,242.42
2018-12-04,205.27
2018-12-05,172.67
2018-12-06,323.85
2018-12-07,168.82
2018-12-08,360.27
2018-12-09,372.21
2018-12-10,253.46
2018-12-11,167.01
2018-12-12,362.34
2018-12-13,331.53
2018-12-14,193.83
2018-12-15,258.55
2018-12-16,142.4
2018-12-17,307.11
2018-12-18,225.38
2018-12-19,108.33
2018-12-20,384.58
2018-12-21,267.45
2018-12-22,304.51
2018-12-23,284.84
2018-12-24,198.35
2018-12-25,275.86
2018-12-26,342.27
2018-12-27,220.19
2018-12-28,253.54
2018-12-29,125.04
2018-12-30,234.22
2018-12-31,323.8
2019-01-01,202.45
2019-01-02,235.7
2019-01-03,129.42
2019-01-04,144.66
2019-01-05,126.53
2019-01-06,395.13
2019-01-07,174.28
2019-01-08,287.94
2019-01-09,219.6
2019-01-10,380.88
2019-01-11,347.02
2019-01-12,223.88
2019-01-13,142.23
2019-01-14,253.31
2019-01-15,157.9
2019-01-16,253.84
2019-01-17,125.43
2019-01-18,281.2
2019-01-19,253.04
2019-01-20,231.17
2019-01-21,314.65
2019-01-22,167.16
2019-01-23,135.19
2019-01-24,195.73
2019-01-25,212.84
2019-01-26,314.89
2019-01-27,263.15
2019-01-28,332.73
2019-01-29,254.64
2019-01-30,303.48
2019-01-31,119.15
2019-02-01,392.28
2019-02-02,300.76
2019-02-03,132.01
2019-02-04,379.91
2019-02-05,203.93
2019-02-06,135.47
2019-02-07,153.68
2019-02-08,328.22
2019-02-09,353.9
2019-02-10,132.94
2019-02-11,212.4
2019-02-12,265.83
2019-02-13,352.0
2019-02-14,173.78
2019-02-15,372.91
2019-02-16,281.69
2019-02-17,114.56
2019-02-18,257.7
2019-02-19,178.57
2019-02-20,203.01
2019-02-21,139.72
2019-02-22,197.48
2019-02-23,204.07
2019-02-24,116.93
2019-02-25,303.39
2019-02-26,207.52
2019-02-27,152.05
2019-02-28,263.22
2019-03-01,283.36
2019-03-02,163.29
2019-03-03,322.45
2019-03-04,348.72
2019-03-05,197.99
2019-03-06,344.36
2019-03-07,258.15
2019-03-08,135.24
2019-03-09,315.82
2019-03-10,398.87
2019-03-11,237.75
2019-03-12,384.17
2019-03-13,193.28
2019-03-14,226.87
2019-03-15,158.16
2019-03-16,273.53
2019-03-17,330.71
2019-03-18,158.63
2019-03-19,277.16
2019-03-20,226.4
2019-03-21,260.49
2019-03-22,113.43
2019-03-23,255.95
2019-03-24,279.26
2019-03-25,319.74
2019-03-26,265.55
2019-03-27,325.5
2019-03-28,180.16
2019-03-29,342.39
2019-03-30,191.46
2019-03-31,197.29
2019-04-01,315.03
2019-04-02,250.3
2019-04-03,364.27
2019-04-04,293.87
2019-04-05,382.14
2019-04-06,349.67
2019-04-07,113.06
2019-04-08,386.73
2019-04-09,332.41
2019-04-10,153.98
2019-04-11,171.26
2019-04-12,218.52
2019-04-13,335.03
2019-04-14,281.54
2019-04-15,109.39
2019-04-16,104.01
2019-04-17,150.96
2019-04-18,325.46
2019-04-19,108.47
2019-04-20,329.09
2019-04-21,115.6
2019-04-22,259.92
2019-04-23,281.2
2019-04-24,268.79
2019-04-25,135.45
2019-04-26,356.17
2019-04-27,158.52
2019-04-28,311.67
2019-04-29,169.28
2019-04-30,342.92
2019-05-01,174.21
2019-05-02,293.83
2019-05-03,384.6
2019-05-04,140.11
2019-05-05,307.28
2019-05-06,333.47
2019-05-07,239.17
2019-05-08,201.19
2019-05-09,336.23
2019-05-10,243.98
2019-05-11,239.42
2019-05-12,320.33
2019-05-13,311.27
2019-05-14,376.25
2019-05-15,261.33
2019-05-16,318.79
2019-05-17,371.18
2019-05-18,157.22
2019-05-19,275.23
2019-05-20,368.24
2019-05-21,222.46
2019-05-22,387.13
2019-05-23,154.29
2019-05-24,329.1
2019-05-25,278.14
2019-05-26,257.69
2019-05-27,232.25
2019-05-28,143.42
2019-05-29,245.25
2019-05-30,379.99
2019-05-31,146.73
2019-06-01,337.79
2019-06-02,131.14
2019-06-03,110.62
2019-06-04,144.11
2019-06-05,173.93
2019-06-06,365.51
2019-06-07,303.87
2019-06-08,134.15
2019-06-09,258.57
2019-06-10,159.36
2019-06-11,160.27
2019-06-12,178.08
2019-06-13,384.89
2019-06-14,261.53
2019-06-15,205.35
2019-06-16,208.55
2019-06-17,159.94
2019-06-18,123.85
2019-06-19,214.82
2019-06-20,134.45
2019-06-21,359.7
2019-06-22,160.86
2019-06-23,235.05
2019-06-24,294.6
2019-06-25,139.28
2019-06-26,239.32
2019-06-27,245.08
2019-06-28,311.05
2019-06-29,393.73
2019-06-30,274.4
2019-07-01,221.39
2019-07-02,219.75
2019-07-03,161.59
2019-07-04,304.81
2019-07-05,251.95
2019-07-06,354.79
2019-07-07,254.11
2019-07-08,177.25
2019-07-09,142.19
2019-07-10,395.67
2019-07-11,316.23
2019-07-12,367.68
2019-07-13,209.28
2019-07-14,287.19
2019-07-15,183.39
2019-07-16,104.96
2019-07-17,306.1
2019-07-18,135.79
2019-07-19,168.81
2019-07-20,221.8
2019-07-21,328.18
2019-07-22,273.78
2019-07-23,372.44
2019-07-24,340.21
2019-07-25,360.51
2019-07-26,296.0
2019-07-27,343.69
2019-07-28,353.35
2019-07-29,147.07
2019-07-30,144.41
2019-07-31,190.09
2019-08-01,397.94
2019-08-02,102.77
2019-08-03,159.86
2019-08-04,176.08
2019-08-05,346.78
2019-08-06,395.59
2019-08-07,359.77
2019-08-08,332.85
2019-08-09,228.85
2019-08-10,100.74
2019-08-11,252.24
2019-08-12,214.24
2019-08-13,376.7
2019-08-14,280.31
2019-08-15,290.21
2019-08-16,171.42
2019-08-17,160.15
2019-08-18,212.12
2019-08-19,387.07
2019-08-20,325.66
2019-08-21,175.34
2019-08-22,285.57
2019-08-23,183.2
2019-08-24,102.17
2019-08-25,236.38
2019-08-26,383.45
2019-08-27,113.54
2019-08-28,216.31
2019-08-29,197.72
2019-08-30,367.67
2019-08-31,337.12
2019-09-01,165.52
2019-09-02,233.2
2019-09-03,143.53
2019-09-04,261.79
2019-09-05,359.54
2019-09-06,356.43
2019-09-07,254.98
2019-09-08,356.0
2019-09-09,266.14
2019-09-10,164.78
2019-09-11,389.83
2019-09-12,333.43
2019-09-13,183.98
2019-09-14,354.99
2019-09-15,199.97
2019-09-16,321.84
2019-09-17,363.29
2019-09-18,245.93
2019-09-19,105.0
2019-09-20,348.15
2019-09-21,101.25
2019-09-22,334.06
2019-09-23,306.91
2019-09-24,322.95
2019-09-25,383.31
2019-09-26,141.1
2019-09-27,202.06
2019-09-28,113.63
2019-09-29,315.9
2019-09-30,145.22
2019-10-01,327.16
2019-10-02,389.76
2019-10-03,298.18
2019-10-04,286.66
2019-10-05,178.79
2019-10-06,102.09
2019-10-07,252.01
2019-10-08,215.76
2019-10-09,175.19
2019-10-10,175.87
2019-10-11,285.9
2019-10-12,237.17
2019-10-13,296.98
2019-10-14,116.74
2019-10-15,101.35
2019-10-16,390.79
2019-10-17,204.29
2019-10-18,368.09
2019-10-19,391.42
2019-10-20,344.74
2019-10-21,338.99
2019-10-22,269.86
2019-10-23,244.33
2019-10-24,186.49
2019-10-25,182.48
2019-10-26,252.65
2019-10-27,196.85
2019-10-28,253.02
2019-10-29,297.81
2019-10-30,131.48
2019-10-31,341.79
2019-11-01,280.65
2019-11-02,293.91
2019-11-03,265.92
2019-11-04,248.15
2019-11-05,192.36
2019-11-06,153.77
2019-11-07,200.07
2019-11-08,393.31
2019-11-09,367.62
2019-11-10,176.02
2019-11-11,359.61
2019-11-12,387.29
2019-11-13,105.86
2019-11-14,244.05
2019-11-15,122.85
2019-11-16,337.18
2019-11-17,115.95
2019-11-18,128.06
2019-11-19,230.61
2019-11-20,102.44
2019-11-21,143.84
2019-11-22,115.13
2019-11-23,245.15
2019-11-24,100.2
2019-11-25,231.99
2019-11-26,314.44
2019-11-27,398.18
2019-11-28,324.02
2019-11-29,102.44
2019-11-30,330.06
2019-12-01,388.4
2019-12-02,201.76
2019-12-03,380.91
2019-12-04,118.28
2019-12-05,155.94
2019-12-06,239.64
2019-12-07,197.68
2019-12-08,260.14
2019-12-09,168.97
2019-12-10,388.07
2019-12-11,271.22
2019-12-12,293.48
2019-12-13,388.1
2019-12-14,205.67
2019-12-15,324.41
2019-12-16,165.1
2019-12-17,355.54
2019-12-18,371.36
2019-12-19,244.04
2019-12-20,339.83
2019-12-21,108.89
2019-12-22,294.46
2019-12-23,313.35
2019-12-24,178.31
2019-12-25,245.77
2019-12-26,236.5
2019-12-27,160.06
2019-12-28,119.55
2019-12-29,332.23
2019-12-30,128.88
2019-12-31,388.25
2020-01-01,102.64
2020-01-02,133.83
2020-01-03,205.02
2020-01-04,180.58
2020-01-05,379.0
2020-01-06,103.86
2020-01-07,184.34
2020-01-08,371.23
2020-01-09,147.44
2020-01-10,302.37
2020-01-11,288.61
2020-01-12,288.44
2020-01-13,109.38
2020-01-14,352.37
2020-01-15,194.69
2020-01-16,190.85
2020-01-17,245.46
2020-01-18,266.11
2020-01-19,127.78
2020-01-20,280.38
2020-01-21,330.47
2020-01-22,249.78
2020-01-23,180.42
2020-01-24,212.49
2020-01-25,141.99
2020-01-26,200.33
2020-01-27,265.0
2020-01-28,307.33
2020-01-29,101.14
2020-01-30,381.42
2020-01-31,198.27
2020-02-01,358.48
2020-02-02,128.72
2020-02-03,207.78
2020-02-04,248.6
2020-02-05,387.25
2020-02-06,309.69
2020-02-07,348.38
2020-02-08,204.28
2020-02-09,256.22
2020-02-10,324.43
2020-02-11,296.11
2020-02-12,143.43
2020-02-13,389.99
2020-02-14,249.7
2020-02-15,272.42
2020-02-16,317.91
2020-02-17,156.23
2020-02-18,278.21
2020-02-19,226.3
2020-02-20,247.47
2020-02-21,279.33
2020-02-22,375.79
2020-02-23,375.56
2020-02-24,358.72
2020-02-25,379.6
2020-02-26,165.95
2020-02-27,121.06
2020-02-28,359.0
2020-02-29,318.31
2020-03-01,115.24
2020-03-02,309.66
2020-03-03,241.78
2020-03-04,285.68
2020-03-05,131.11
2020-03-06,248.82
2020-03-07,151.35
2020-03-08,263.11
2020-03-09,194.08
2020-03-10,311.27
2020-03-11,250.88
2020-03-12,139.69
2020-03-13,273.59
2020-03-14,377.66
2020-03-15,328.9
2020-03-16,198.58
2020-03-17,113.19
2020-03-18,371.41
2020-03-19,297.53
2020-03-20,362.28
2020-03-21,124.61
2020-03-22,330.75
2020-03-23,141.22
2020-03-24,123.68
2020-03-25,250.69
2020-03-26,311.95
2020-03-27,335.19
2020-03-28,318.42
2020-03-29,302.13
2020-03-30,118.22
2020-03-31,333.67
2020-04-01,343.83
2020-04-02,169.94
2020-04-03,212.39
2020-04-04,169.78
2020-04-05,250.08
2020-04-06,183.37
2020-04-07,192.28
2020-04-08,270.76
2020-04-09,136.46
2020-04-10,280.78
2020-04-11,336.46
2020-04-12,378.39
2020-04-13,184.03
2020-04-14,341.29
2020-04-15,272.37
2020-04-16,198.87
2020-04-17,344.87
2020-04-18,192.81
2020-04-19,366.07
2020-04-20,321.8
2020-04-21,270.32
2020-04-22,159.18
2020-04-23,285.71
2020-04-24,319.75
2020-04-25,216.1
2020-04-26,244.48
2020-04-27,392.57
2020-04-28,254.78
2020-04-29,169.61
2020-04-30,371.25
2020-05-01,169.0
2020-05-02,231.56
2020-05-03,380.1
2020-05-04,185.27
2020-05-05,358.77
2020-05-06,344.47
2020-05-07,293.62
2020-05-08,257.02
2020-05-09,288.3
2020-05-10,315.46
2020-05-11,380.12
2020-05-12,234.02
2020-05-13,152.8
2020-05-14,188.87
2020-05-15,370.39
2020-05-16,176.24
2020-05-17,391.41
2020-05-18,336.53
2020-05-19,319.03
2020-05-20,334.12
2020-05-21,232.83
2020-05-22,121.8
2020-05-23,175.8
2020-05-24,361.63
2020-05-25,322.12
2020-05-26,222.13
2020-05-27,232.49
2020-05-28,280.21
2020-05-29,328.43
2020-05-30,360.29
2020-05-31,142.31
2020-06-01,128.07
2020-06-02,311.32
2020-06-03,363.71
2020-06-04,160.06
2020-06-05,315.24
2020-06-06,174.75
2020-06-07,176.46
2020-06-08,303.01
2020-06-09,158.14
2020-06-10,366.56
2020-06-11,178.38
2020-06-12,122.35
2020-06-13,288.3
2020-06-14,197.79
2020-06-15,284.55
2020-06-16,296.38
2020-06-17,211.9
2020-06-18,128.0
2020-06-19,163.11
2020-06-20,158.31
2020-06-21,393.18
2020-06-22,197.26
2020-06-23,176.37
2020-06-24,126.14
2020-06-25,352.42
2020-06-26,179.53
2020-06-27,389.27
2020-06-28,322.64
2020-06-29,167.84
2020-06-30,286.12
2020-07-01,288.15
2020-07-02,275.58
2020-07-03,281.5
2020-07-04,354.19
2020-07-05,106.21
2020-07-06,347.19
2020-07-07,116.66
2020-07-08,185.44
2020-07-09,228.82
2020-07-10,218.77
2020-07-11,234.33
2020-07-12,394.3
2020-07-13,323.74
2020-07-14,373.8
2020-07-15,264.69
2020-07-16,169.87
2020-07-17,272.49
2020-07-18,361.14
2020-07-19,328.75
2020-07-20,165.69
2020-07-21,341.7
2020-07-22,267.2
2020-07-23,155.97
2020-07-24,298.23
2020-07-25,182.26
2020-07-26,246.89
2020-07-27,183.26
2020-07-28,240.48
2020-07-29,185.2
2020-07-30,268.74
2020-07-31,377.47
2020-08-01,117.98
2020-08-02,282.9
2020-08-03,396.76
2020-08-04,330.9
2020-08-05,245.64
2020-08-06,161.93
2020-08-07,239.16
2020-08-08,211.87
2020-08-09,214.14
2020-08-10,303.21
2020-08-11,201.14
2020-08-12,129.78
2020-08-13,184.2
2020-08-14,232.25
2020-08-15,262.01
2020-08-16,316.12
2020-08-17,117.21
2020-08-18,377.26
2020-08-19,182.74
2020-08-20,207.7
2020-08-21,266.23
2020-08-22,196.07
2020-08-23,383.88
2020-08-24,118.89
2020-08-25,288.59
2020-08-26,128.66
2020-08-27,342.75
2020-08-28,186.29
2020-08-29,111.99
2020-08-30,386.97
2020-08-31,304.7
2020-09-01,298.4
2020-09-02,161.65
2020-09-03,166.0
2020-09-04,110.4
2020-09-05,332.69
2020-09-06,365.07
2020-09-07,255.75
2020-09-08,353.89
2020-09-09,351.06
2020-09-10,173.93
2020-09-11,379.28
2020-09-12,217.73
2020-09-13,182.43
2020-09-14,390.48
2020-09-15,366.82
2020-09-16,322.0
2020-09-17,343.12
2020-09-18,106.3
2020-09-19,315.02
2020-09-20,219.49
2020-09-21,330.15
2020-09-22,211.95
2020-09-23,248.25
2020-09-24,383.31
2020-09-25,217.13
2020-09-26,156.8
2020-09-27,138.88
2020-09-28,238.79
2020-09-29,327.31
2020-09-30,293.27
2020-10-01,105.44
2020-10-02,248.32
2020-10-03,187.66
2020-10-04,356.13
2020-10-05,303.89
2020-10-06,153.06
2020-10-07,338.92
2020-10-08,206.52
2020-10-09,335.73
2020-10-10,392.48
2020-10-11,184.86
2020-10-12,300.44
2020-10-13,394.48
2020-10-14,250.79
2020-10-15,246.85
2020-10-16,168.03
2020-10-17,355.66
2020-10-18,386.95
2020-10-19,110.58
2020-10-20,160.83
2020-10-21,394.37
2020-10-22,128.58
2020-10-23,145.41
2020-10-24,106.05
2020-10-25,347.25
2020-10-26,144.25
2020-10-27,385.49
2020-10-28,218.07
2020-10-29,379.03
2020-10-30,351.53
2020-10-31,159.17
2020-11-01,313.72
2020-11-02,139.76
2020-11-03,135.33
2020-11-04,220.88
2020-11-05,263.09
2020-11-06,278.62
2020-11-07,285.92
2020-11-08,264.85
2020-11-09,209.05
2020-11-10,384.59
2020-11-11,278.86
2020-11-12,303.24
2020-11-13,249.41
2020-11-14,114.18
2020-11-15,367.05
2020-11-16,198.4
2020-11-17,262.51
2020-11-18,277.65
2020-11-19,306.4
2020-11-20,214.61
2020-11-21,198.33
2020-11-22,174.86
2020-11-23,138.54
2020-11-24,367.36
2020-11-25,304.51
2020-11-26,237.87
2020-11-27,144.12
2020-11-28,397.52
2020-11-29,192.92
2020-11-30,278.37
2020-12-01,141.48
2020-12-02,101.59
2020-12-03,108.32
2020-12-04,269.14
2020-12-05,222.63
2020-12-06,369.27
2020-12-07,324.41
2020-12-08,359.43
2020-12-09,207.68
2020-12-10,298.7
2020-12-11,384.14
2020-12-12,143.03
2020-12-13,137.4
2020-12-14,266.5
2020-12-15,392.06
2020-12-16,361.12
2020-12-17,206.48
2020-12-18,167.16
2020-12-19,290.51
2020-12-20,345.45
2020-12-21,240.49
2020-12-22,125.1
2020-12-23,357.03
2020-12-24,385.25
2020-12-25,187.29
2020-12-26,128.28
2020-12-27,380.81
2020-12-28,127.94
2020-12-29,380.76
2020-12-30,159.36
2020-12-31,110.23
2021-01-01,173.85
2021-01-02,291.51
2021-01-03,113.5
2021-01-04,275.16
2021-01-05,250.49
2021-01-06,364.5
2021-01-07,304.82
2021-01-08,342.13
2021-01-09,118.19
2021-01-10,123.74
2021-01-11,204.32
2021-01-12,354.54
2021-01-13,224.44
2021-01-14,110.05
2021-01-15,316.06
2021-01-16,197.49
2021-01-17,363.5
2021-01-18,319.83
2021-01-19,388.49
2021-01-20,137.07
2021-01-21,332.51
2021-01-22,323.92
2021-01-23,103.08
2021-01-24,194.63
2021-01-25,304.9
2021-01-26,255.06
2021-01-27,332.85
2021-01-28,316.27
2021-01-29,158.3
2021-01-30,117.15
2021-01-31,373.88
2021-02-01,316.0
2021-02-02,375.75
2021-02-03,307.44
2021-02-04,368.1
2021-02-05,156.72
2021-02-06,212.71
2021-02-07,293.85
2021-02-08,109.76
2021-02-09,252.94
2021-02-10,170.93
2021-02-11,352.27
2021-02-12,371.13
2021-02-13,131.75
2021-02-14,182.57
2021-02-15,242.24
2021-02-16,150.95
2021-02-17,376.9
2021-02-18,382.83
2021-02-19,184.72
2021-02-20,272.22
2021-02-21,104.97
2021-02-22,120.08
2021-02-23,198.57
2021-02-24,397.56
2021-02-25,120.57
2021-02-26,304.56
2021-02-27,286.65
2021-02-28,364.71
2021-03-01,324.52
2021-03-02,122.34
2021-03-03,168.79
2021-03-04,328.48
2021-03-05,393.0
2021-03-06,350.8
2021-03-07,339.89
2021-03-08,357.31
2021-03-09,270.37
2021-03-10,276.64
2021-03-11,267.93
2021-03-12,299.45
2021-03-13,369.38
2021-03-14,319.28
2021-03-15,100.03
2021-03-16,295.99
2021-03-17,382.38
2021-03-18,301.14
2021-03-19,340.35
2021-03-20,133.75
2021-03-21,340.14
2021-03-22,180.62
2021-03-23,179.04
2021-03-24,115.45
2021-03-25,107.39
2021-03-26,307.35
2021-03-27,358.46
2021-03-28,275.76
2021-03-29,294.94
2021-03-30,132.43
2021-03-31,261.5
2021-04-01,108.64
2021-04-02,231.52
2021-04-03,359.55
2021-04-04,114.54
2021-04-05,111.98
2021-04-06,388.78
2021-04-07,242.11
2021-04-08,195.45
2021-04-09,295.08
2021-04-10,266.1
2021-04-11,288.61
2021-04-12,219.09
2021-04-13,278.74
2021-04-14,349.8
2021-04-15,397.48
2021-04-16,320.09
2021-04-17,235.39
2021-04-18,340.62
2021-04-19,398.96
2021-04-20,143.83
2021-04-21,135.76
2021-04-22,115.08
2021-04-23,105.0
2021-04-24,197.34
2021-04-25,244.09
2021-04-26,394.76
2021-04-27,166.19
2021-04-28,253.04
2021-04-29,242.0
2021-04-30,298.54
2021-05-01,260.86
2021-05-02,398.23
2021-05-03,303.79
2021-05-04,142.85
2021-05-05,161.17
2021-05-06,305.63
2021-05-07,193.64
2021-05-08,200.86
2021-05-09,258.29
2021-05-10,233.92
2021-05-11,372.96
2021-05-12,290.36
2021-05-13,283.63
2021-05-14,265.65
2021-05-15,308.91
2021-05-16,354.6
2021-05-17,336.01
2021-05-18,315.48
2021-05-19,317.56
2021-05-20,394.13
2021-05-21,354.64
2021-05-22,215.37
2021-05-23,381.63
2021-05-24,118.02
2021-05-25,316.95
2021-05-26,157.75
2021-05-27,211.79
2021-05-28,340.1
2021-05-29,227.28
2021-05-30,295.03
2021-05-31,343.59
2021-06-01,132.62
2021-06-02,119.94
2021-06-03,208.44
2021-06-04,219.97
2021-06-05,363.54
2021-06-06,193.31
2021-06-07,171.94
2021-06-08,112.63
2021-06-09,250.8
2021-06-10,289.54
2021-06-11,196.47
2021-06-12,337.37
2021-06-13,348.82
2021-06-14,253.77
2021-06-15,146.28
2021-06-16,185.36
2021-06-17,171.22
2021-06-18,354.9
2021-06-19,190.92
2021-06-20,221.25
2021-06-21,162.25
2021-06-22,116.81
2021-06-23,228.17
2021-06-24,399.42
2021-06-25,288.07
2021-06-26,303.26
2021-06-27,358.68
2021-06-28,164.36
2021-06-29,297.25
2021-06-30,389.75
2021-07-01,282.69
2021-07-02,219.55
2021-07-03,257.83
2021-07-04,218.86
2021-07-05,133.62
2021-07-06,371.31
2021-07-07,262.99
2021-07-08,342.37
2021-07-09,330.58
2021-07-10,255.54
2021-07-11,363.88
2021-07-12,152.43
2021-07-13,194.51
2021-07-14,314.14
2021-07-15,393.65
2021-07-16,291.79
2021-07-17,177.82
2021-07-18,201.76
2021-07-19,171.29
2021-07-20,278.14
2021-07-21,374.68
2021-07-22,101.24
2021-07-23,146.78
2021-07-24,287.99
2021-07-25,318.16
2021-07-26,338.49
2021-07-27,247.3
2021-07-28,202.77
2021-07-29,187.16
2021-07-30,231.99
2021-07-31,387.87
2021-08-01,298.18
2021-08-02,371.91
2021-08-03,157.89
2021-08-04,163.96
2021-08-05,347.07
2021-08-06,370.74
2021-08-07,216.12
2021-08-08,374.76
2021-08-09,308.26
2021-08-10,268.56
2021-08-11,278.88
2021-08-12,123.73
2021-08-13,119.52
2021-08-14,188.99
2021-08-15,314.74
2021-08-16,314.41
2021-08-17,398.13
2021-08-18,298.66
2021-08-19,331.63
2021-08-20,141.56
2021-08-21,266.77
2021-08-22,249.92
2021-08-23,275.71
2021-08-24,199.38
2021-08-25,156.28
2021-08-26,339.15
2021-08-27,392.53
2021-08-28,229.9
2021-08-29,218.32
2021-08-30,386.37
2021-08-31,249.15
2021-09-01,160.66
2021-09-02,355.22
2021-09-03,385.39
2021-09-04,337.02
2021-09-05,139.66
2021-09-06,152.93
2021-09-07,237.3
2021-09-08,178.28
2021-09-09,125.14
2021-09-10,354.56
2021-09-11,251.56
2021-09-12,341.91
2021-09-13,350.85
2021-09-14,330.01
2021-09-15,268.57
2021-09-16,128.4
2021-09-17,331.44
2021-09-18,233.46
2021-09-19,336.87
2021-09-20,103.81
2021-09-21,100.19
2021-09-22,338.69
2021-09-23,203.57
2021-09-24,222.02
2021-09-25,186.27
2021-09-26,283.87
2021-09-27,102.12
2021-09-28,145.03
2021-09-29,190.75
2021-09-30,125.91
2021-10-01,186.15
2021-10-02,362.12
2021-10-03,293.94
2021-10-04,106.86
2021-10-05,358.9
2021-10-06,220.61
2021-10-07,285.25
2021-10-08,296.55
2021-10-09,108.54
2021-10-10,146.05
2021-10-11,393.62
2021-10-12,111.26
2021-10-13,301.35
2021-10-14,288.18
2021-10-15,387.43
2021-10-16,305.17
2021-10-17,325.81
2021-10-18,106.11
2021-10-19,356.53
2021-10-20,174.45
2021-10-21,297.53
2021-10-22,384.52
2021-10-23,186.13
2021-10-24,196.77
2021-10-25,294.08
2021-10-26,124.09
2021-10-27,342.05
2021-10-28,375.69
2021-10-29,171.91
2021-10-30,113.7
2021-10-31,116.09
2021-11-01,126.31
2021-11-02,380.56
2021-11-03,331.22
2021-11-04,128.74
2021-11-05,196.37
2021-11-06,183.22
2021-11-07,178.35
2021-11-08,388.86
2021-11-09,223.45
2021-11-10,351.42
2021-11-11,289.33
2021-11-12,358.12
2021-11-13,165.98
2021-11-14,296.36
2021-11-15,380.6
2021-11-16,310.62
2021-11-17,252.88
2021-11-18,138.39
2021-11-19,143.04
2021-11-20,298.31
2021-11-21,243.47
2021-11-22,263.97
2021-11-23,254.19
2021-11-24,329.93
2021-11-25,155.68
2021-11-26,122.93
2021-11-27,195.45
2021-11-28,369.59
2021-11-29,369.95
2021-11-30,293.68
2021-12-01,308.72
2021-12-02,122.06
2021-12-03,144.11
2021-12-04,202.91
2021-12-05,227.72
2021-12-06,384.12
2021-12-07,159.88
2021-12-08,112.69
2021-12-09,108.96
2021-12-10,261.53
2021-12-11,103.99
2021-12-12,302.69
2021-12-13,334.59
2021-12-14,377.5
2021-12-15,207.36
2021-12-16,296.76
2021-12-17,204.05
2021-12-18,231.72
2021-12-19,298.91
2021-12-20,105.7
2021-12-21,386.03
2021-12-22,316.36
2021-12-23,119.67
2021-12-24,209.02
2021-12-25,247.66
2021-12-26,303.34
2021-12-27,344.83
2021-12-28,113.71
2021-12-29,339.36
2021-12-30,356.86
2021-12-31,259.63
2022-01-01,170.04
2022-01-02,158.28
2022-01-03,234.04
2022-01-04,105.06
2022-01-05,168.82
2022-01-06,163.83
2022-01-07,173.51
2022-01-08,239.39
2022-01-09,352.6
2022-01-10,169.97
2022-01-11,261.97
2022-01-12,343.33
2022-01-13,296.71
2022-01-14,330.56
2022-01-15,218.48
2022-01-16,398.93
2022-01-17,277.27
2022-01-18,321.13
2022-01-19,115.87
2022-01-20,246.44
2022-01-21,315.67
2022-01-22,106.43
2022-01-23,258.94
2022-01-24,324.06
2022-01-25,170.73
2022-01-26,294.29
2022-01-27,185.62
2022-01-28,311.56
2022-01-29,345.66
2022-01-30,276.98
2022-01-31,355.34
2022-02-01,376.04
2022-02-02,231.53
2022-02-03,265.18
2022-02-04,229.48
2022-02-05,266.76
2022-02-06,250.68
2022-02-07,377.67
2022-02-08,296.25
2022-02-09,199.12
2022-02-10,285.23
2022-02-11,272.73
2022-02-12,202.93
2022-02-13,254.12
2022-02-14,225.52
2022-02-15,268.08
2022-02-16,143.34
2022-02-17,195.36
2022-02-18,179.67
2022-02-19,296.27
2022-02-20,136.86
2022-02-21,290.56
2022-02-22,349.95
2022-02-23,213.75
2022-02-24,343.14
2022-02-25,360.45
2022-02-26,323.24
2022-02-27,179.87
2022-02-28,167.22
2022-03-01,321.19
2022-03-02,389.41
2022-03-03,279.23
2022-03-04,304.3
2022-03-05,244.38
2022-03-06,393.17
2022-03-07,236.88
2022-03-08,268.28
2022-03-09,159.55
2022-03-10,186.33
2022-03-11,164.2
2022-03-12,129.23
2022-03-13,311.14
2022-03-14,231.62
2022-03-15,284.13
2022-03-16,217.62
2022-03-17,175.09
2022-03-18,356.45
2022-03-19,395.65
2022-03-20,344.13
2022-03-21,336.86
2022-03-22,352.07
2022-03-23,337.83
2022-03-24,335.82
2022-03-25,165.33
2022-03-26,268.27
2022-03-27,148.81
2022-03-28,368.76
2022-03-29,371.85
2022-03-30,225.25
2022-03-31,374.6
2022-04-01,256.69
2022-04-02,173.7
2022-04-03,361.43
2022-04-04,354.4
2022-04-05,303.96
2022-04-06,207.13
2022-04-07,327.97
2022-04-08,308.88
2022-04-09,360.09
2022-04-10,110.14
2022-04-11,268.99
2022-04-12,271.81
2022-04-13,203.61
2022-04-14,227.75
2022-04-15,144.29
2022-04-16,199.53
2022-04-17,161.08
2022-04-18,287.41
2022-04-19,128.14
2022-04-20,267.85
2022-04-21,180.72
2022-04-22,118.46
2022-04-23,375.24
2022-04-24,100.65
2022-04-25,280.09
2022-04-26,287.26
2022-04-27,223.99
2022-04-28,142.98
2022-04-29,235.17
2022-04-30,206.3
2022-05-01,199.44
2022-05-02,283.72
2022-05-03,315.41
2022-05-04,241.96
2022-05-05,274.68
2022-05-06,172.93
2022-05-07,336.87
2022-05-08,175.32
2022-05-09,318.28
2022-05-10,185.56
2022-05-11,237.49
2022-05-12,348.72
2022-05-13,132.51
2022-05-14,237.5
2022-05-15,364.76
2022-05-16,199.97
2022-05-17,209.54
2022-05-18,396.91
2022-05-19,153.42
2022-05-20,118.87
2022-05-21,195.43
2022-05-22,378.5
2022-05-23,143.5
2022-05-24,189.73
2022-05-25,191.39
2022-05-26,321.71
2022-05-27,256.12
2022-05-28,165.58
2022-05-29,234.13
2022-05-30,184.03
2022-05-31,203.72
2022-06-01,161.25
2022-06-02,326.12
2022-06-03,218.35
2022-06-04,350.25
2022-06-05,388.89
2022-06-06,331.36
2022-06-07,286.93
2022-06-08,144.54
2022-06-09,231.7
2022-06-10,176.72
2022-06-11,128.26
2022-06-12,343.71
2022-06-13,223.2
2022-06-14,331.85
2022-06-15,271.36
2022-06-16,394.19
2022-06-17,398.23
2022-06-18,381.72
2022-06-19,359.47
2022-06-20,339.49
2022-06-21,166.72
2022-06-22,194.19
2022-06-23,140.95
2022-06-24,175.5
2022-06-25,151.59
2022-06-26,334.36
2022-06-27,136.7
2022-06-28,268.91
2022-06-29,236.21
2022-06-30,141.55
2022-07-01,398.52
2022-07-02,229.5
2022-07-03,231.38
2022-07-04,150.14
2022-07-05,275.88
2022-07-06,387.41
2022-07-07,289.8
2022-07-08,134.96
2022-07-09,339.4
2022-07-10,221.42
2022-07-11,310.4
2022-07-12,102.12
2022-07-13,157.24
2022-07-14,275.71
2022-07-15,237.57
2022-07-16,303.74
2022-07-17,281.74
2022-07-18,112.36
2022-07-19,319.05
2022-07-20,196.21
2022-07-21,102.48
2022-07-22,251.4
2022-07-23,370.29
2022-07-24,380.22
2022-07-25,363.7
2022-07-26,399.72
2022-07-27,244.25
2022-07-28,130.4
2022-07-29,122.01
2022-07-30,222.1
2022-07-31,107.58
2022-08-01,242.11
2022-08-02,220.7
2022-08-03,281.74
2022-08-04,225.18
2022-08-05,262.09
2022-08-06,154.55
2022-08-07,127.54
2022-08-08,240.11
2022-08-09,399.68
2022-08-10,379.87
2022-08-11,226.04
2022-08-12,272.96
2022-08-13,289.87
2022-08-14,117.75
2022-08-15,192.37
2022-08-16,140.75
2022-08-17,132.14
2022-08-18,318.98
2022-08-19,117.62
2022-08-20,271.38
2022-08-21,110.98
2022-08-22,328.01
2022-08-23,336.75
2022-08-24,330.92
2022-08-25,168.13
2022-08-26,372.95
2022-08-27,399.06
2022-08-28,244.91
2022-08-29,272.98
2022-08-30,220.62
2022-08-31,189.47
2022-09-01,370.02
2022-09-02,125.43
2022-09-03,339.6
2022-09-04,168.99
2022-09-05,275.41
2022-09-06,201.19
2022-09-07,164.66
2022-09-08,189.39
2022-09-09,229.64
2022-09-10,288.71
2022-09-11,292.24
2022-09-12,286.15
2022-09-13,368.04
2022-09-14,163.98
2022-09-15,133.03
2022-09-16,389.9
2022-09-17,222.01
2022-09-18,339.5
2022-09-19,194.26
2022-09-20,342.48
2022-09-21,166.74
2022-09-22,288.61
2022-09-23,299.14
2022-09-24,249.89
2022-09-25,291.05
2022-09-26,238.64
2022-09-27,175.25
2022-09-28,288.76
2022-09-29,147.73
2022-09-30,151.06
2022-10-01,133.6
2022-10-02,117.39
2022-10-03,145.86
2022-10-04,315.09
2022-10-05,128.4
2022-10-06,321.67
2022-10-07,251.74
2022-10-08,119.77
2022-10-09,327.36
2022-10-10,123.29
2022-10-11,368.07
2022-10-12,350.11
2022-10-13,164.11
2022-10-14,365.59
2022-10-15,234.11
2022-10-16,222.94
2022-10-17,392.68
2022-10-18,309.88
2022-10-19,261.99
2022-10-20,182.73
2022-10-21,176.59
2022-10-22,156.7
2022-10-23,292.19
2022-10-24,275.26
2022-10-25,280.42
2022-10-26,122.05
2022-10-27,182.31
2022-10-28,292.57
2022-10-29,253.44
2022-10-30,248.45
2022-10-31,294.17
2022-11-01,397.32
2022-11-02,281.87
2022-11-03,299.83
2022-11-04,302.76
2022-11-05,274.08
2022-11-06,331.07
2022-11-07,146.58
2022-11-08,286.28
2022-11-09,205.3
2022-11-10,221.84
2022-11-11,275.25
2022-11-12,353.14
2022-11-13,230.87
2022-11-14,346.29
2022-11-15,215.24
2022-11-16,174.58
2022-11-17,318.53
2022-11-18,249.09
2022-11-19,240.62
2022-11-20,329.58
2022-11-21,157.94
2022-11-22,335.49
2022-11-23,240.29
2022-11-24,310.46
2022-11-25,145.73
2022-11-26,279.84
2022-11-27,130.74
2022-11-28,145.44
2022-11-29,395.38
2022-11-30,254.74
2022-12-01,317.61
2022-12-02,262.78
2022-12-03,150.49
2022-12-04,298.3
2022-12-05,252.73
2022-12-06,277.11
2022-12-07,113.87
2022-12-08,338.77
2022-12-09,148.19
2022-12-10,191.42
2022-12-11,273.06
2022-12-12,288.43
2022-12-13,303.12
2022-12-14,238.96
2022-12-15,121.93
2022-12-16,313.05
2022-12-17,278.1
2022-12-18,198.04
2022-12-19,163.16
2022-12-20,111.27
2022-12-21,239.28
2022-12-22,120.19
2022-12-23,256.65
2022-12-24,202.95
2022-12-25,208.69
2022-12-26,156.47
2022-12-27,277.65
2022-12-28,164.61
2022-12-29,159.32
2022-12-30,267.35
2022-12-31,123.53
2023-01-01,154.46
2023-01-02,283.97
2023-01-03,209.6
2023-01-04,318.75
2023-01-05,131.54
2023-01-06,388.91
2023-01-07,257.79
2023-01-08,382.85
2023-01-09,341.54
2023-01-10,156.32
2023-01-11,195.78
2023-01-12,396.32
2023-01-13,395.58
2023-01-14,144.13
2023-01-15,261.66
2023-01-16,148.13
2023-01-17,314.68
2023-01-18,274.0
2023-01-19,132.41
2023-01-20,360.66
2023-01-21,174.81
2023-01-22,390.2
2023-01-23,385.26
2023-01-24,386.49
2023-01-25,150.17
2023-01-26,241.25
2023-01-27,319.46
2023-01-28,161.56
2023-01-29,188.79
2023-01-30,384.83
2023-01-31,171.64
2023-02-01,323.63
2023-02-02,221.14
2023-02-03,297.04
2023-02-04,270.39
2023-02-05,166.59
2023-02-06,236.24
2023-02-07,311.41
2023-02-08,387.47
2023-02-09,291.76
2023-02-10,316.64
2023-02-11,187.54
2023-02-12,337.0
2023-02-13,289.61
2023-02-14,340.74
2023-02-15,154.52
2023-02-16,261.48
2023-02-17,394.55
2023-02-18,397.23
2023-02-19,273.24
2023-02-20,332.85
2023-02-21,394.06
2023-02-22,290.57
2023-02-23,385.29
2023-02-24,374.34
2023-02-25,384.74
2023-02-26,172.45
2023-02-27,222.12
2023-02-28,169.04
2023-03-01,133.35
2023-03-02,259.77
2023-03-03,126.19
2023-03-04,268.85
2023-03-05,247.77
2023-03-06,272.46
2023-03-07,389.49
2023-03-08,179.81
2023-03-09,329.21
2023-03-10,214.77
2023-03-11,103.48
2023-03-12,333.55
2023-03-13,338.24
2023-03-14,219.51
2023-03-15,398.63
2023-03-16,136.83
2023-03-17,145.84
2023-03-18,365.33
2023-03-19,130.63
2023-03-20,305.64
2023-03-21,141.36
2023-03-22,174.05
2023-03-23,251.04
2023-03-24,135.72
2023-03-25,147.42
2023-03-26,213.44
2023-03-27,113.87
2023-03-28,389.94
2023-03-29,217.08
2023-03-30,174.75
2023-03-31,372.06
2023-04-01,270.74
2023-04-02,148.02
2023-04-03,137.66
2023-04-04,373.4
2023-04-05,308.08
2023-04-06,169.89
2023-04-07,223.58
2023-04-08,234.12
2023-04-09,188.15
2023-04-10,159.41
2023-04-11,380.44
2023-04-12,354.06
2023-04-13,113.93
2023-04-14,272.95
2023-04-15,178.49
2023-04-16,236.94
2023-04-17,174.96
2023-04-18,311.17
2023-04-19,362.62
2023-04-20,367.63
2023-04-21,238.47
2023-04-22,182.71
2023-04-23,242.92
2023-04-24,327.43
2023-04-25,283.94
2023-04-26,394.84
2023-04-27,348.93
2023-04-28,278.92
2023-04-29,232.21
2023-04-30,249.85
2023-05-01,383.99
2023-05-02,358.46
2023-05-03,345.14
2023-05-04,184.45
2023-05-05,266.49
2023-05-06,143.39
2023-05-07,147.12
2023-05-08,325.1
2023-05-09,189.09
2023-05-10,146.94
2023-05-11,246.87
2023-05-12,364.14
2023-05-13,365.34
2023-05-14,299.71
2023-05-15,309.58
2023-05-16,333.42
2023-05-17,164.55
2023-05-18,231.21
2023-05-19,343.37
2023-05-20,366.77
2023-05-21,220.3
2023-05-22,285.99
2023-05-23,159.97
2023-05-24,271.75
2023-05-25,172.7
2023-05-26,124.97
2023-05-27,214.9
2023-05-28,153.52
2023-05-29,289.43
2023-05-30,314.88
2023-05-31,379.67
2023-06-01,338.79
2023-06-02,272.09
2023-06-03,248.59
2023-06-04,270.21
2023-06-05,303.81
2023-06-06,233.07
2023-06-07,230.62
2023-06-08,164.64
2023-06-09,174.59
2023-06-10,392.87
2023-06-11,338.54
2023-06-12,195.76
2023-06-13,187.0
2023-06-14,270.92
2023-06-15,370.4
2023-06-16,360.86
2023-06-17,297.1
2023-06-18,171.91
2023-06-19,316.83
2023-06-20,134.84
2023-06-21,378.22
2023-06-22,379.84
2023-06-23,290.98
2023-06-24,321.32
2023-06-25,364.02
2023-06-26,338.64
2023-06-27,367.56
2023-06-28,296.61
2023-06-29,223.11
2023-06-30,179.46
2023-07-01,234.93
2023-07-02,207.16
2023-07-03,270.85
2023-07-04,105.37
2023-07-05,221.12
2023-07-06,264.31
2023-07-07,165.31
2023-07-08,381.77
2023-07-09,372.49
2023-07-10,320.21
2023-07-11,202.16
2023-07-12,317.33
2023-07-13,264.98
2023-07-14,187.58
2023-07-15,367.83
2023-07-16,139.62
2023-07-17,176.84
2023-07-18,139.82
2023-07-19,377.96
2023-07-20,157.54
2023-07-21,307.29
2023-07-22,175.36
2023-07-23,358.44
2023-07-24,369.04
2023-07-25,129.69
2023-07-26,131.76
2023-07-27,131.68
2023-07-28,276.08
2023-07-29,230.6
2023-07-30,151.2
2023-07-31,242.85
2023-08-01,345.11
2023-08-02,244.27
2023-08-03,309.28
2023-08-04,126.79
2023-08-05,160.82
2023-08-06,345.52
2023-08-07,137.54
2023-08-08,162.07
2023-08-09,288.09
2023-08-10,156.27
2023-08-11,229.22
2023-08-12,216.76
2023-08-13,343.02
2023-08-14,160.65
2023-08-15,276.96
2023-08-16,277.34
2023-08-17,221.34
2023-08-18,174.83
2023-08-19,107.15
2023-08-20,104.15
2023-08-21,135.33
2023-08-22,278.2
2023-08-23,221.67
2023-08-24,216.46
2023-08-25,379.46
2023-08-26,384.42
2023-08-27,296.88
2023-08-28,110.06
2023-08-29,108.93
2023-08-30,367.66
2023-08-31,355.33
2023-09-01,391.68
2023-09-02,209.06
2023-09-03,117.41
2023-09-04,257.12
2023-09-05,321.54
2023-09-06,155.29
2023-09-07,110.98
2023-09-08,333.48
2023-09-09,120.09
2023-09-10,134.06
2023-09-11,103.34
2023-09-12,339.45
2023-09-13,336.74
2023-09-14,323.78
2023-09-15,210.49
2023-09-16,374.38
2023-09-17,228.17
2023-09-18,291.03
2023-09-19,385.38
2023-09-20,157.64
2023-09-21,174.88
2023-09-22,196.91
2023-09-23,326.42
2023-09-24,264.02
2023-09-25,282.67
2023-09-26,130.01
2023-09-27,173.5
2023-09-28,201.04
2023-09-29,356.53
2023-09-30,134.36
2023-10-01,165.05
2023-10-02,285.26
2023-10-03,238.89
2023-10-04,372.92
2023-10-05,139.12
2023-10-06,103.55
2023-10-07,394.79
2023-10-08,230.28
2023-10-09,276.62
2023-10-10,279.72
2023-10-11,382.38
2023-10-12,123.74
2023-10-13,295.14
2023-10-14,251.94
2023-10-15,250.94
2023-10-16,227.21
2023-10-17,307.91
2023-10-18,352.81
2023-10-19,191.52
2023-10-20,199.44
2023-10-21,136.33
2023-10-22,162.54
2023-10-23,116.33
2023-10-24,314.64
2023-10-25,302.44
2023-10-26,209.29
2023-10-27,137.88
2023-10-28,169.7
2023-10-29,229.06
2023-10-30,255.73
2023-10-31,381.42
2023-11-01,341.92
2023-11-02,312.76
2023-11-03,115.21
2023-11-04,360.27
2023-11-05,397.3
2023-11-06,381.96
2023-11-07,353.85
2023-11-08,184.41
2023-11-09,374.16
2023-11-10,123.91
2023-11-11,213.79
2023-11-12,145.06
2023-11-13,218.13
2023-11-14,228.29
2023-11-15,233.54
2023-11-16,167.53
2023-11-17,242.79
2023-11-18,189.93
2023-11-19,361.86
2023-11-20,328.92
2023-11-21,357.71
2023-11-22,176.69
2023-11-23,186.2
2023-11-24,101.66
2023-11-25,312.66
2023-11-26,206.01
2023-11-27,396.43
2023-11-28,274.42
2023-11-29,356.62
2023-11-30,130.12
2023-12-01,236.9
2023-12-02,281.47
2023-12-03,242.62
2023-12-04,289.71
2023-12-05,292.28
2023-12-06,219.98
2023-12-07,204.01
2023-12-08,287.61
2023-12-09,285.53
2023-12-10,125.45
2023-12-11,105.59
2023-12-12,330.89
2023-12-13,325.4
2023-12-14,151.21
2023-12-15,191.72
2023-12-16,119.38
2023-12-17,341.48
2023-12-18,329.03
2023-12-19,218.19
2023-12-20,284.11
2023-12-21,179.05
2023-12-22,233.34
2023-12-23,380.27
2023-12-24,376.54
2023-12-25,315.88
2023-12-26,300.64
2023-12-27,197.39
2023-12-28,233.95
2023-12-29,161.78
2023-12-30,188.23
2023-12-31,267.21
2024-01-01,121.48
2024-01-02,137.0
2024-01-03,167.93
2024-01-04,396.27
2024-01-05,153.29
2024-01-06,272.22
2024-01-07,171.82
2024-01-08,144.39
2024-01-09,372.31
2024-01-10,397.31
2024-01-11,194.75
2024-01-12,183.4
2024-01-13,255.66
2024-01-14,203.11
2024-01-15,352.38
2024-01-16,293.86
2024-01-17,176.05
2024-01-18,393.29
2024-01-19,123.28
2024-01-20,129.11
2024-01-21,115.95
2024-01-22,196.25
2024-01-23,211.51
2024-01-24,385.06
2024-01-25,361.63
2024-01-26,188.85
2024-01-27,390.77
2024-01-28,173.48
2024-01-29,305.47
2024-01-30,174.1
2024-01-31,165.83
2024-02-01,323.49
2024-02-02,299.94
2024-02-03,391.7
2024-02-04,141.03
2024-02-05,276.72
2024-02-06,390.54
2024-02-07,177.27
2024-02-08,308.65
2024-02-09,185.57
2024-02-10,274.88
2024-02-11,322.06
2024-02-12,149.65
2024-02-13,178.23
2024-02-14,126.6
2024-02-15,322.66
2024-02-16,124.78
2024-02-17,308.13
2024-02-18,328.76
2024-02-19,248.98
2024-02-20,352.2
2024-02-21,175.33
2024-02-22,350.66
2024-02-23,112.1
2024-02-24,284.37
2024-02-25,157.99
2024-02-26,253.19
2024-02-27,215.46
2024-02-28,135.0
2024-02-29,316.74
2024-03-01,315.05
2024-03-02,132.99
2024-03-03,296.41
2024-03-04,381.29
2024-03-05,235.16
2024-03-06,132.87
2024-03-07,156.47
2024-03-08,363.71
2024-03-09,365.69
2024-03-10,174.59
2024-03-11,377.12
2024-03-12,226.39
2024-03-13,164.44
2024-03-14,259.65
2024-03-15,394.78
2024-03-16,304.71
2024-03-17,371.65
2024-03-18,138.84
2024-03-19,372.45
2024-03-20,180.07
2024-03-21,132.71
2024-03-22,261.35
2024-03-23,302.55
2024-03-24,292.0
2024-03-25,166.03
2024-03-26,346.87
2024-03-27,272.37
2024-03-28,203.98
2024-03-29,253.35
2024-03-30,174.84
2024-03-31,185.08
2024-04-01,272.71
2024-04-02,196.44
2024-04-03,128.26
2024-04-04,329.83
2024-04-05,229.39
2024-04-06,260.37
2024-04-07,212.63
2024-04-08,348.39
2024-04-09,305.78
2024-04-10,239.89
2024-04-11,256.36
2024-04-12,391.52
2024-04-13,106.56
2024-04-14,339.7
2024-04-15,266.4
2024-04-16,102.47
2024-04-17,120.85
2024-04-18,285.09
2024-04-19,322.81
2024-04-20,354.97
2024-04-21,367.67
2024-04-22,347.43
2024-04-23,101.86
2024-04-24,176.57
2024-04-25,340.65
2024-04-26,247.44
2024-04-27,203.98
2024-04-28,142.5
2024-04-29,325.23
2024-04-30,219.0
2024-05-01,289.16
2024-05-02,130.5
2024-05-03,386.14
2024-05-04,207.85
2024-05-05,254.35
2024-05-06,119.15
2024-05-07,102.17
2024-05-08,268.57
2024-05-09,231.09
2024-05-10,136.35
2024-05-11,127.35
2024-05-12,383.64
2024-05-13,134.89
2024-05-14,364.55
2024-05-15,217.34
2024-05-16,188.25
2024-05-17,325.17
2024-05-18,135.33
2024-05-19,152.34
2024-05-20,150.47
2024-05-21,366.44
2024-05-22,172.74
2024-05-23,106.26
2024-05-24,378.21
2024-05-25,262.87
2024-05-26,251.56
2024-05-27,377.97
2024-05-28,106.82
2024-05-29,389.59
2024-05-30,326.46
2024-05-31,389.54
2024-06-01,349.94
2024-06-02,190.34
2024-06-03,305.52
2024-06-04,209.57
2024-06-05,387.01
2024-06-06,383.94
2024-06-07,229.71
2024-06-08,366.24
2024-06-09,189.88
2024-06-10,166.02
2024-06-11,338.75
2024-06-12,289.16
2024-06-13,103.79
2024-06-14,175.29
2024-06-15,350.54
2024-06-16,296.05
2024-06-17,247.28
2024-06-18,174.62
2024-06-19,394.57
2024-06-20,178.84
2024-06-21,113.45
2024-06-22,308.25
2024-06-23,249.06
2024-06-24,297.41
2024-06-25,201.72
2024-06-26,174.05
2024-06-27,129.51
2024-06-28,104.49
2024-06-29,185.92
2024-06-30,113.82
2024-07-01,312.95
2024-07-02,308.25
2024-07-03,218.24
2024-07-04,107.72
2024-07-05,222.2
2024-07-06,135.11
2024-07-07,257.47
2024-07-08,311.82
2024-07-09,286.96
2024-07-10,399.66
2024-07-11,272.58
2024-07-12,186.07
2024-07-13,351.14
2024-07-14,215.54
2024-07-15,189.65
2024-07-16,288.36
2024-07-17,172.18
2024-07-18,272.8
2024-07-19,363.16
2024-07-20,206.45
2024-07-21,111.64
2024-07-22,220.0
2024-07-23,374.07
2024-07-24,369.37
2024-07-25,373.51
2024-07-26,151.11
2024-07-27,282.88
2024-07-28,253.19
2024-07-29,270.35
2024-07-30,277.22
2024-07-31,160.01
2024-08-01,346.62
2024-08-02,381.85
2024-08-03,232.12
2024-08-04,399.13
2024-08-05,396.37
2024-08-06,297.64
2024-08-07,392.88
2024-08-08,285.6
2024-08-09,352.38
2024-08-10,126.2
2024-08-11,127.1
2024-08-12,167.81
2024-08-13,321.88
2024-08-14,162.68
2024-08-15,176.04
2024-08-16,267.81
2024-08-17,176.69
2024-08-18,384.75
2024-08-19,234.25
2024-08-20,300.01
2024-08-21,213.19
2024-08-22,112.97
2024-08-23,399.18
2024-08-24,255.88
2024-08-25,297.66
2024-08-26,319.76
2024-08-27,163.18
2024-08-28,317.31
2024-08-29,100.25
2024-08-30,389.39
2024-08-31,173.33
2024-09-01,284.77
2024-09-02,257.77
2024-09-03,296.15
2024-09-04,303.35
2024-09-05,295.87
2024-09-06,328.64
2024-09-07,131.73
2024-09-08,347.1
2024-09-09,390.32
2024-09-10,279.15
2024-09-11,315.67
2024-09-12,210.93
2024-09-13,299.16
2024-09-14,238.24
2024-09-15,108.47
2024-09-16,218.69
2024-09-17,124.87
2024-09-18,342.19
2024-09-19,188.29
2024-09-20,363.21
2024-09-21,366.94
2024-09-22,116.59
2024-09-23,273.43
2024-09-24,245.0
2024-09-25,111.42
2024-09-26,267.75
2024-09-27,122.97
2024-09-28,130.27
2024-09-29,191.21
2024-09-30,177.74
2024-10-01,306.04
2024-10-02,117.64
2024-10-03,142.16
2024-10-04,204.18
2024-10-05,262.95
2024-10-06,127.48
2024-10-07,226.0
2024-10-08,241.57
2024-10-09,379.87
2024-10-10,250.32
2024-10-11,297.24
2024-10-12,130.03
2024-10-13,227.57
2024-10-14,259.33
2024-10-15,131.46
2024-10-16,224.64
2024-10-17,361.06
2024-10-18,291.17
2024-10-19,346.94
2024-10-20,282.59
2024-10-21,283.9
2024-10-22,390.19
2024-10-23,123.45
2024-10-24,134.46
2024-10-25,343.51
2024-10-26,144.92
2024-10-27,293.52
2024-10-28,146.01
2024-10-29,299.7
2024-10-30,252.92
2024-10-31,200.5
2024-11-01,161.93
2024-11-02,250.89
2024-11-03,130.81
2024-11-04,100.14
2024-11-05,308.13
2024-11-06,231.87
2024-11-07,188.93
2024-11-08,328.33
2024-11-09,287.01
2024-11-10,358.42
2024-11-11,381.9
2024-11-12,395.93
2024-11-13,260.36
2024-11-14,196.26
2024-11-15,349.35
2024-11-16,384.8
2024-11-17,298.48
2024-11-18,312.93
2024-11-19,167.7
2024-11-20,200.02
2024-11-21,304.5
2024-11-22,171.66
2024-11-23,285.09
2024-11-24,100.18
2024-11-25,281.25
2024-11-26,293.27
2024-11-27,137.51
2024-11-28,238.34
2024-11-29,287.65
2024-11-30,322.68
2024-12-01,329.15
2024-12-02,148.01
2024-12-03,390.14
2024-12-04,220.78
2024-12-05,291.94
2024-12-06,325.57
2024-12-07,385.83
2024-12-08,304.86
2024-12-09,139.47
2024-12-10,340.43
2024-12-11,393.03
2024-12-12,380.21
2024-12-13,152.91
2024-12-14,388.34
2024-12-15,146.36
2024-12-16,224.29
2024-12-17,396.62
2024-12-18,203.23
2024-12-19,185.94
2024-12-20,354.58
2024-12-21,298.83
2024-12-22,144.44
2024-12-23,357.17
2024-12-24,228.28
2024-12-25,228.02
2024-12-26,261.14
2024-12-27,217.72
2024-12-28,272.61
2024-12-29,224.95
2024-12-30,127.19
2024-12-31,239.91
2025-01-01,194.19
2025-01-02,141.13
2025-01-03,282.47
2025-01-04,349.23
2025-01-05,325.33
2025-01-06,274.9
2025-01-07,238.43
2025-01-08,111.36
2025-01-09,145.32
2025-01-10,161.2
2025-01-11,239.8
2025-01-12,178.59
2025-01-13,142.81
2025-01-14,286.28
2025-01-15,316.31
2025-01-16,312.36
2025-01-17,189.43
2025-01-18,141.54
2025-01-19,148.94
2025-01-20,341.91
2025-01-21,229.56
2025-01-22,242.84
2025-01-23,376.89
2025-01-24,100.7
2025-01-25,143.29
2025-01-26,231.71
2025-01-27,119.21
2025-01-28,301.55
2025-01-29,112.82
2025-01-30,357.93
2025-01-31,257.72
2025-02-01,298.99
2025-02-02,202.76
2025-02-03,361.89
2025-02-04,184.75
2025-02-05,288.84
2025-02-06,278.07
2025-02-07,284.25
2025-02-08,350.5
2025-02-09,175.19
2025-02-10,301.51
2025-02-11,145.49
2025-02-12,252.22
2025-02-13,241.83
2025-02-14,330.71
2025-02-15,200.03
2025-02-16,258.01
2025-02-17,333.83
2025-02-18,288.76
2025-02-19,198.81
2025-02-20,185.71
2025-02-21,189.02
2025-02-22,330.71
2025-02-23,317.8
2025-02-24,345.4
2025-02-25,224.92
2025-02-26,160.47
2025-02-27,117.32
2025-02-28,392.72
2025-03-01,248.57
2025-03-02,163.02
2025-03-03,240.13
2025-03-04,180.42
2025-03-05,306.7
2025-03-06,350.15
2025-03-07,354.19
2025-03-08,360.87
2025-03-09,368.95
2025-03-10,138.98
2025-03-11,169.87
2025-03-12,184.23
2025-03-13,279.73
2025-03-14,286.24
2025-03-15,242.48
2025-03-16,270.04
2025-03-17,217.49
2025-03-18,303.76
2025-03-19,306.43
2025-03-20,345.02
2025-03-21,333.5
2025-03-22,120.96
2025-03-23,167.77
2025-03-24,129.83
2025-03-25,336.47
2025-03-26,247.85
2025-03-27,157.71
2025-03-28,132.02
2025-03-29,198.5
2025-03-30,209.01
2025-03-31,194.69
2025-04-01,360.89
2025-04-02,145.75
2025-04-03,116.29
2025-04-04,211.12
2025-04-05,329.78
2025-04-06,180.01
2025-04-07,319.66
2025-04-08,255.16
2025-04-09,180.8
2025-04-10,127.39
2025-04-11,380.15
2025-04-12,383.25
2025-04-13,365.43
2025-04-14,268.92
2025-04-15,199.37
2025-04-16,370.86
2025-04-17,143.34
2025-04-18,372.55
2025-04-19,132.18
2025-04-20,348.64
2025-04-21,304.47
2025-04-22,365.72
2025-04-23,187.73
2025-04-24,113.45
2025-04-25,197.05
2025-04-26,203.36
2025-04-27,388.22
2025-04-28,359.88
2025-04-29,138.48
2025-04-30,343.09
2025-05-01,136.05
2025-05-02,311.86
2025-05-03,342.74
2025-05-04,355.57
2025-05-05,135.93
2025-05-06,104.59
2025-05-07,179.43
2025-05-08,215.89
2025-05-09,110.55
2025-05-10,338.08
2025-05-11,242.32
2025-05-12,184.45
2025-05-13,198.94
2025-05-14,112.49
2025-05-15,353.75
2025-05-16,244.88
2025-05-17,124.31
2025-05-18,169.3
2025-05-19,200.29
2025-05-20,225.36
2025-05-21,208.39
2025-05-22,110.62
2025-05-23,109.74
2025-05-24,348.62
2025-05-25,372.58
2025-05-26,391.82
2025-05-27,254.93
2025-05-28,239.94
2025-05-29,115.38
2025-05-30,162.26
2025-05-31,236.66
2025-06-01,170.25
2025-06-02,136.96
2025-06-03,292.69
2025-06-04,277.28
2025-06-05,128.26
2025-06-06,288.59
2025-06-07,255.92
2025-06-08,152.19
2025-06-09,305.08
2025-06-10,217.77
2025-06-11,286.82
2025-06-12,296.01
2025-06-13,351.76
2025-06-14,123.23
2025-06-15,316.84
2025-06-16,258.72
2025-06-17,313.38
2025-06-18,187.43
2025-06-19,240.49
2025-06-20,320.92
2025-06-21,153.63
2025-06-22,374.15
2025-06-23,300.15
2025-06-24,298.89
2025-06-25,246.46
2025-06-26,388.88
2025-06-27,318.07
2025-06-28,356.92
2025-06-29,349.5
2025-06-30,133.55
2025-07-01,271.36
2025-07-02,301.85
2025-07-03,313.1
2025-07-04,173.3
2025-07-05,136.24
2025-07-06,302.53
2025-07-07,256.39
2025-07-08,108.03
2025-07-09,110.9
2025-07-10,131.53
2025-07-11,353.86
2025-07-12,218.74
2025-07-13,121.91
2025-07-14,274.21
2025-07-15,240.39
2025-07-16,162.27
2025-07-17,123.22
2025-07-18,206.38
2025-07-19,396.7
2025-07-20,397.25
2025-07-21,223.59
2025-07-22,132.81
2025-07-23,302.76
2025-07-24,327.0
2025-07-25,100.13
2025-07-26,128.02
2025-07-27,350.03
2025-07-28,297.88
2025-07-29,212.93
2025-07-30,282.87
2025-07-31,337.28
2025-08-01,254.08
2025-08-02,341.63
2025-08-03,179.45
2025-08-04,173.61
2025-08-05,127.08
2025-08-06,278.5
2025-08-07,303.11
2025-08-08,254.86
2025-08-09,141.26
2025-08-10,306.01
2025-08-11,139.32
2025-08-12,318.93
2025-08-13,257.92
2025-08-14,232.85
2025-08-15,131.35
2025-08-16,373.33
2025-08-17,360.83
2025-08-18,313.36
2025-08-19,145.21
2025-08-20,321.2
2025-08-21,285.47
2025-08-22,297.77
2025-08-23,340.61
2025-08-24,162.42
2025-08-25,257.27
2025-08-26,112.55
2025-08-27,339.58
2025-08-28,315.01
2025-08-29,264.79
2025-08-30,105.28
2025-08-31,266.19
2025-09-01,340.99
2025-09-02,118.4
2025-09-03,389.7
2025-09-04,311.92
2025-09-05,260.19
2025-09-06,306.7
2025-09-07,377.86
2025-09-08,111.99
2025-09-09,296.65
2025-09-10,154.89
2025-09-11,232.51
2025-09-12,181.29
2025-09-13,372.64
2025-09-14,319.99
2025-09-15,262.18
2025-09-16,133.02
2025-09-17,120.51
2025-09-18,231.37
2025-09-19,346.18
2025-09-20,163.75
2025-09-21,275.35
2025-09-22,103.16
2025-09-23,258.93
2025-09-24,337.81
2025-09-25,353.36
2025-09-26,307.5
2025-09-27,131.91
2025-09-28,200.86
2025-09-29,124.57
2025-09-30,348.92
2025-10-01,173.41
2025-10-02,303.65
2025-10-03,119.75
2025-10-04,166.69
2025-10-05,105.27
2025-10-06,163.33
2025-10-07,261.16
2025-10-08,175.83
2025-10-09,360.13
2025-10-10,113.03
2025-10-11,302.26
2025-10-12,217.1
2025-10-13,270.51
2025-10-14,170.26
2025-10-15,369.17
2025-10-16,235.56
2025-10-17,117.76
2025-10-18,117.48
2025-10-19,375.92
2025-10-20,267.17
2025-10-21,135.32
2025-10-22,148.9
2025-10-23,397.23
2025-10-24,266.54
2025-10-25,313.92
2025-10-26,243.57
2025-10-27,203.69
2025-10-28,354.4
2025-10-29,265.54
2025-10-30,180.08
2025-10-31,374.12
2025-11-01,345.01
2025-11-02,349.75
2025-11-03,375.87
2025-11-04,261.22
2025-11-05,133.18
2025-11-06,341.38
2025-11-07,274.56
2025-11-08,127.33
2025-11-09,297.62
2025-11-10,163.34
2025-11-11,129.64
2025-11-12,160.49
2025-11-13,205.2
2025-11-14,349.88
2025-11-15,382.05
2025-11-16,175.93
2025-11-17,355.23
2025-11-18,138.86
2025-11-19,368.95
2025-11-20,289.05
2025-11-21,111.14
2025-11-22,206.15
2025-11-23,259.94
2025-11-24,386.61
2025-11-25,156.19
2025-11-26,371.71
2025-11-27,353.54
2025-11-28,242.53
2025-11-29,250.58
2025-11-30,100.89
2025-12-01,250.84
2025-12-02,345.93
2025-12-03,341.55
2025-12-04,232.3
2025-12-05,238.51
2025-12-06,262.36
2025-12-07,134.89
2025-12-08,307.03
2025-12-09,325.63
2025-12-10,272.81
2025-12-11,349.46
2025-12-12,356.65
2025-12-13,297.74
2025-12-14,334.7
2025-12-15,207.31
2025-12-16,297.82
2025-12-17,309.97
2025-12-18,223.22
2025-12-19,277.05
2025-12-20,203.25
2025-12-21,136.4
2025-12-22,327.88
2025-12-23,137.99
2025-12-24,247.12
2025-12-25,242.25
2025-12-26,184.43
2025-12-27,160.44
2025-12-28,152.61
2025-12-29,134.92
2025-12-30,388.83
2025-12-31,253.79
2026-01-01,128.17
2026-01-02,109.32
2026-01-03,382.74
2026-01-04,202.44
2026-01-05,163.55
2026-01-06,312.32
2026-01-07,198.76
2026-01-08,135.78
2026-01-09,296.3
2026-01-10,313.88
2026-01-11,209.61
2026-01-12,323.53
2026-01-13,115.02
2026-01-14,149.55
2026-01-15,368.02
2026-01-16,242.15
2026-01-17,243.93
2026-01-18,306.74
2026-01-19,358.83
2026-01-20,232.01
2026-01-21,334.58
2026-01-22,364.56
2026-01-23,262.93
2026-01-24,197.81
2026-01-25,240.95
2026-01-26,232.52
2026-01-27,223.73
2026-01-28,394.56
2026-01-29,390.69
2026-01-30,239.44
2026-01-31,133.79
2026-02-01,151.13
2026-02-02,174.41
2026-02-03,140.77
2026-02-04,209.46
2026-02-05,204.2
2026-02-06,345.15
2026-02-07,369.13
2026-02-08,320.9
2026-02-09,255.67
2026-02-10,390.08
2026-02-11,290.81
2026-02-12,286.51
2026-02-13,159.5
2026-02-14,239.48
2026-02-15,183.14
2026-02-16,202.86
2026-02-17,315.02
2026-02-18,166.22
2026-02-19,131.61
2026-02-20,268.57
2026-02-21,377.73
2026-02-22,152.59
2026-02-23,285.09
2026-02-24,347.24
2026-02-25,167.66
2026-02-26,390.07
2026-02-27,166.43
2026-02-28,212.04
2026-03-01,177.41
2026-03-02,281.92
2026-03-03,364.17
2026-03-04,380.31
2026-03-05,254.74
2026-03-06,249.78
2026-03-07,241.9
2026-03-08,145.14
2026-03-09,234.53
2026-03-10,390.34
2026-03-11,339.93
2026-03-12,241.87
2026-03-13,162.4
2026-03-14,169.78
2026-03-15,298.05
2026-03-16,148.47
2026-03-17,204.48
2026-03-18,296.12
2026-03-19,333.66
2026-03-20,373.45
2026-03-21,137.47
2026-03-22,148.62
2026-03-23,337.8
2026-03-24,164.27
2026-03-25,322.46
2026-03-26,361.88
2026-03-27,365.92
2026-03-28,350.67
2026-03-29,296.96
2026-03-30,100.86
2026-03-31,279.33
2026-04-01,148.93
2026-04-02,105.11
2026-04-03,164.81
2026-04-04,304.85
2026-04-05,358.4
2026-04-06,125.69
2026-04-07,117.15
2026-04-08,247.72
2026-04-09,125.56
2026-04-10,361.92
2026-04-11,243.93
2026-04-12,239.15
2026-04-13,396.46
2026-04-14,176.52
2026-04-15,188.18
2026-04-16,391.24
2026-04-17,380.85
2026-04-18,288.25
2026-04-19,338.42
2026-04-20,355.09
2026-04-21,388.4
2026-04-22,217.15
2026-04-23,255.03
2026-04-24,122.75
2026-04-25,384.23
2026-04-26,240.99
2026-04-27,350.51
2026-04-28,223.34
2026-04-29,311.32
2026-04-30,194.16
2026-05-01,238.28
2026-05-02,252.96
2026-05-03,119.67
2026-05-04,321.48
2026-05-05,207.71
2026-05-06,130.33
2026-05-07,157.86
2026-05-08,265.81
2026-05-09,284.43
2026-05-10,131.54
2026-05-11,390.04
2026-05-12,228.53
2026-05-13,345.37
2026-05-14,252.42
2026-05-15,117.61
2026-05-16,101.23
2026-05-17,213.78
2026-05-18,162.37
2026-05-19,343.14
2026-05-20,221.07
2026-05-21,342.49
2026-05-22,379.99
2026-05-23,197.67
2026-05-24,116.55
2026-05-25,382.26
2026-05-26,155.02
