date,production_ton
2016-05-26,3575
2016-05-27,2501
2016-05-28,981
2016-05-29,2494
2016-05-30,2568
2016-05-31,3922
2016-06-01,4265
2016-06-02,1891
2016-06-03,2923
2016-06-04,963
2016-06-05,3685
2016-06-06,2583
2016-06-07,2017
2016-06-08,3023
2016-06-09,1966
2016-06-10,3606
2016-06-11,2800
2016-06-12,3850
2016-06-13,2946
2016-06-14,3940
2016-06-15,3930
2016-06-16,2298
2016-06-17,4308
2016-06-18,1621
2016-06-19,4090
2016-06-20,4310
2016-06-21,966
2016-06-22,3585
2016-06-23,3227
2016-06-24,1904
2016-06-25,4865
2016-06-26,2474
2016-06-27,2851
2016-06-28,1145
2016-06-29,4028
2016-06-30,2685
2016-07-01,4187
2016-07-02,4308
2016-07-03,1557
2016-07-04,1539
2016-07-05,4019
2016-07-06,3595
2016-07-07,651
2016-07-08,4232
2016-07-09,3256
2016-07-10,4417
2016-07-11,1543
2016-07-12,2540
2016-07-13,3220
2016-07-14,1347
2016-07-15,1062
2016-07-16,736
2016-07-17,3221
2016-07-18,2281
2016-07-19,3854
2016-07-20,2871
2016-07-21,2129
2016-07-22,596
2016-07-23,3250
2016-07-24,3421
2016-07-25,4742
2016-07-26,2894
2016-07-27,1533
2016-07-28,3453
2016-07-29,3354
2016-07-30,2519
2016-07-31,3311
2016-08-01,4816
2016-08-02,1942
2016-08-03,4791
2016-08-04,4347
2016-08-05,3485
2016-08-06,4817
2016-08-07,3964
2016-08-08,1655
2016-08-09,4439
2016-08-10,2875
2016-08-11,1109
2016-08-12,654
2016-08-13,2998
2016-08-14,2761
2016-08-15,846
2016-08-16,1122
2016-08-17,2764
2016-08-18,2881
2016-08-19,4797
2016-08-20,3893
2016-08-21,3723
2016-08-22,3058
2016-08-23,2975
2016-08-24,1080
2016-08-25,3131
2016-08-26,3872
2016-08-27,605
2016-08-28,4140
2016-08-29,2493
2016-08-30,3792
2016-08-31,2758
2016-09-01,4830
2016-09-02,2431
2016-09-03,2133
2016-09-04,2644
2016-09-05,4545
2016-09-06,995
2016-09-07,2096
2016-09-08,2463
2016-09-09,2291
2016-09-10,4134
2016-09-11,1419
2016-09-12,4768
2016-09-13,4297
2016-09-14,2121
2016-09-15,3555
2016-09-16,4267
2016-09-17,876
2016-09-18,4561
2016-09-19,2119
2016-09-20,3644
2016-09-21,2360
2016-09-22,1954
2016-09-23,941
2016-09-24,2445
2016-09-25,3216
2016-09-26,4690
2016-09-27,2681
2016-09-28,1733
2016-09-29,3228
2016-09-30,1141
2016-10-01,4548
2016-10-02,2448
2016-10-03,4053
2016-10-04,1357
2016-10-05,1277
2016-10-06,2391
2016-10-07,1285
2016-10-08,4719
2016-10-09,4105
2016-10-10,2291
2016-10-11,2729
2016-10-12,2700
2016-10-13,3378
2016-10-14,3764
2016-10-15,1831
2016-10-16,4394
2016-10-17,4727
2016-10-18,2156
2016-10-19,722
2016-10-20,747
2016-10-21,566
2016-10-22,3757
2016-10-23,2976
2016-10-24,4257
2016-10-25,3882
2016-10-26,2962
2016-10-27,4954
2016-10-28,3677
2016-10-29,3012
2016-10-30,4076
2016-10-31,969
2016-11-01,4436
2016-11-02,1065
2016-11-03,2449
2016-11-04,1192
2016-11-05,3093
2016-11-06,4282
2016-11-07,3965
2016-11-08,1189
2016-11-09,1471
2016-11-10,3474
2016-11-11,2564
2016-11-12,4379
2016-11-13,2140
2016-11-14,1855
2016-11-15,4436
2016-11-16,1048
2016-11-17,1349
2016-11-18,4873
2016-11-19,3339
2016-11-20,4589
2016-11-21,3658
2016-11-22,3174
2016-11-23,917
2016-11-24,3588
2016-11-25,3204
2016-11-26,2010
2016-11-27,4130
2016-11-28,3138
2016-11-29,3487
2016-11-30,4091
2016-12-01,917
2016-12-02,2136
2016-12-03,4857
2016-12-04,2500
2016-12-05,4973
2016-12-06,2603
2016-12-07,1035
2016-12-08,2629
2016-12-09,1900
2016-12-10,1923
2016-12-11,1073
2016-12-12,4401
2016-12-13,569
2016-12-14,3542
2016-12-15,3393
2016-12-16,4938
2016-12-17,1311
2016-12-18,3795
2016-12-19,3151
2016-12-20,2101
2016-12-21,1485
2016-12-22,4021
2016-12-23,2023
2016-12-24,2020
2016-12-25,810
2016-12-26,3363
2016-12-27,4082
2016-12-28,3845
2016-12-29,1785
2016-12-30,4916
2016-12-31,3864
2017-01-01,729
2017-01-02,3421
2017-01-03,3084
2017-01-04,2002
2017-01-05,1922
2017-01-06,3083
2017-01-07,534
2017-01-08,4320
2017-01-09,2647
2017-01-10,2704
2017-01-11,4108
2017-01-12,2786
2017-01-13,1181
2017-01-14,3801
2017-01-15,3536
2017-01-16,1058
2017-01-17,4973
2017-01-18,2473
2017-01-19,1237
2017-01-20,3860
2017-01-21,3740
2017-01-22,2816
2017-01-23,3316
2017-01-24,4999
2017-01-25,830
2017-01-26,4228
2017-01-27,3406
2017-01-28,2963
2017-01-29,1165
2017-01-30,4197
2017-01-31,3683
2017-02-01,2708
2017-02-02,2745
2017-02-03,2383
2017-02-04,4209
2017-02-05,692
2017-02-06,2810
2017-02-07,1841
2017-02-08,922
2017-02-09,2238
2017-02-10,1028
2017-02-11,2352
2017-02-12,1693
2017-02-13,3765
2017-02-14,1742
2017-02-15,3155
2017-02-16,4749
2017-02-17,1792
2017-02-18,3294
2017-02-19,2084
2017-02-20,1232
2017-02-21,3970
2017-02-22,1446
2017-02-23,1915
2017-02-24,3196
2017-02-25,875
2017-02-26,4719
2017-02-27,784
2017-02-28,3111
2017-03-01,4744
2017-03-02,3594
2017-03-03,1834
2017-03-04,1924
2017-03-05,3509
2017-03-06,3922
2017-03-07,4730
2017-03-08,631
2017-03-09,1080
2017-03-10,4682
2017-03-11,1219
2017-03-12,2118
2017-03-13,1546
2017-03-14,4737
2017-03-15,2534
2017-03-16,2295
2017-03-17,4889
2017-03-18,4359
2017-03-19,952
2017-03-20,3561
2017-03-21,2654
2017-03-22,4625
2017-03-23,3894
2017-03-24,3884
2017-03-25,1367
2017-03-26,4103
2017-03-27,3953
2017-03-28,2964
2017-03-29,3787
2017-03-30,969
2017-03-31,3594
2017-04-01,1192
2017-04-02,3113
2017-04-03,1514
2017-04-04,3512
2017-04-05,3470
2017-04-06,3407
2017-04-07,3888
2017-04-08,2363
2017-04-09,955
2017-04-10,1211
2017-04-11,4865
2017-04-12,660
2017-04-13,695
2017-04-14,3258
2017-04-15,2855
2017-04-16,3363
2017-04-17,3972
2017-04-18,4752
2017-04-19,596
2017-04-20,1872
2017-04-21,2318
2017-04-22,4341
2017-04-23,2790
2017-04-24,2331
2017-04-25,3134
2017-04-26,3552
2017-04-27,1947
2017-04-28,3131
2017-04-29,4402
2017-04-30,2585
2017-05-01,3641
2017-05-02,1675
2017-05-03,786
2017-05-04,1310
2017-05-05,4586
2017-05-06,4962
2017-05-07,1869
2017-05-08,1857
2017-05-09,1634
2017-05-10,1761
2017-05-11,3833
2017-05-12,4230
2017-05-13,4430
2017-05-14,4774
2017-05-15,1774
2017-05-16,2201
2017-05-17,2067
2017-05-18,4248
2017-05-19,3598
2017-05-20,4261
2017-05-21,1859
2017-05-22,4886
2017-05-23,3196
2017-05-24,4656
2017-05-25,4136
2017-05-26,3620
2017-05-27,3532
2017-05-28,3873
2017-05-29,4606
2017-05-30,2875
2017-05-31,2060
2017-06-01,1543
2017-06-02,813
2017-06-03,1502
2017-06-04,3677
2017-06-05,3923
2017-06-06,2136
2017-06-07,1110
2017-06-08,2765
2017-06-09,3005
2017-06-10,4801
2017-06-11,876
2017-06-12,3707
2017-06-13,1750
2017-06-14,1335
2017-06-15,3230
2017-06-16,794
2017-06-17,4049
2017-06-18,4333
2017-06-19,4462
2017-06-20,1838
2017-06-21,4433
2017-06-22,2436
2017-06-23,510
2017-06-24,2147
2017-06-25,2671
2017-06-26,1829
2017-06-27,1174
2017-06-28,4458
2017-06-29,4580
2017-06-30,4150
2017-07-01,2541
2017-07-02,655
2017-07-03,3564
2017-07-04,4716
2017-07-05,3889
2017-07-06,3479
2017-07-07,1704
2017-07-08,1967
2017-07-09,1751
2017-07-10,4410
2017-07-11,3531
2017-07-12,2777
2017-07-13,4080
2017-07-14,556
2017-07-15,4784
2017-07-16,1867
2017-07-17,1377
2017-07-18,4767
2017-07-19,1833
2017-07-20,4439
2017-07-21,1822
2017-07-22,1160
2017-07-23,4889
2017-07-24,4175
2017-07-25,3145
2017-07-26,3329
2017-07-27,1818
2017-07-28,2706
2017-07-29,1675
2017-07-30,2727
2017-07-31,3166
2017-08-01,3622
2017-08-02,3488
2017-08-03,2346
2017-08-04,3514
2017-08-05,2034
2017-08-06,4029
2017-08-07,4706
2017-08-08,1215
2017-08-09,4608
2017-08-10,3416
2017-08-11,4914
2017-08-12,4379
2017-08-13,599
2017-08-14,2860
2017-08-15,1171
2017-08-16,4043
2017-08-17,2896
2017-08-18,1719
2017-08-19,2605
2017-08-20,2533
2017-08-21,569
2017-08-22,1490
2017-08-23,4692
2017-08-24,1785
2017-08-25,3411
2017-08-26,3940
2017-08-27,1307
2017-08-28,3161
2017-08-29,3076
2017-08-30,1161
2017-08-31,1768
2017-09-01,4018
2017-09-02,1787
2017-09-03,1671
2017-09-04,1873
2017-09-05,4747
2017-09-06,2637
2017-09-07,4846
2017-09-08,2879
2017-09-09,1050
2017-09-10,2445
2017-09-11,3200
2017-09-12,1028
2017-09-13,3954
2017-09-14,2806
2017-09-15,2817
2017-09-16,3055
2017-09-17,2005
2017-09-18,2646
2017-09-19,3848
2017-09-20,2743
2017-09-21,3639
2017-09-22,1276
2017-09-23,1662
2017-09-24,945
2017-09-25,1925
2017-09-26,3559
2017-09-27,1930
2017-09-28,3258
2017-09-29,774
2017-09-30,4241
2017-10-01,1182
2017-10-02,2807
2017-10-03,4170
2017-10-04,3610
2017-10-05,3079
2017-10-06,1324
2017-10-07,4593
2017-10-08,2758
2017-10-09,1270
2017-10-10,1725
2017-10-11,1543
2017-10-12,1061
2017-10-13,3331
2017-10-14,2507
2017-10-15,1950
2017-10-16,2602
2017-10-17,2898
2017-10-18,3954
2017-10-19,924
2017-10-20,777
2017-10-21,2661
2017-10-22,4935
2017-10-23,3671
2017-10-24,2681
2017-10-25,3262
2017-10-26,1995
2017-10-27,4839
2017-10-28,2645
2017-10-29,4967
2017-10-30,4210
2017-10-31,2761
2017-11-01,4240
2017-11-02,4297
2017-11-03,2657
2017-11-04,2288
2017-11-05,1323
2017-11-06,2955
2017-11-07,2315
2017-11-08,2429
2017-11-09,1730
2017-11-10,1858
2017-11-11,3584
2017-11-12,2150
2017-11-13,4003
2017-11-14,3071
2017-11-15,4759
2017-11-16,3541
2017-11-17,4969
2017-11-18,2023
2017-11-19,4673
2017-11-20,1686
2017-11-21,3283
2017-11-22,4477
2017-11-23,953
2017-11-24,4925
2017-11-25,2072
2017-11-26,4229
2017-11-27,4657
2017-11-28,4255
2017-11-29,4065
2017-11-30,653
2017-12-01,4367
2017-12-02,4562
2017-12-03,2936
2017-12-04,2152
2017-12-05,1208
2017-12-06,3571
2017-12-07,3357
2017-12-08,3062
2017-12-09,1452
2017-12-10,4142
2017-12-11,861
2017-12-12,1495
2017-12-13,4380
2017-12-14,3086
2017-12-15,4769
2017-12-16,4200
2017-12-17,4515
2017-12-18,1887
2017-12-19,4397
2017-12-20,753
2017-12-21,1356
2017-12-22,1867
2017-12-23,579
2017-12-24,1217
2017-12-25,644
2017-12-26,3383
2017-12-27,3858
2017-12-28,4579
2017-12-29,3472
2017-12-30,814
2017-12-31,1745
2018-01-01,3919
2018-01-02,899
2018-01-03,3400
2018-01-04,3777
2018-01-05,1262
2018-01-06,1137
2018-01-07,4575
2018-01-08,3298
2018-01-09,2158
2018-01-10,4028
2018-01-11,1777
2018-01-12,4471
2018-01-13,3924
2018-01-14,3116
2018-01-15,2188
2018-01-16,1355
2018-01-17,1096
2018-01-18,2788
2018-01-19,1659
2018-01-20,1681
2018-01-21,3228
2018-01-22,1487
2018-01-23,3017
2018-01-24,2316
2018-01-25,4538
2018-01-26,1186
2018-01-27,1620
2018-01-28,1686
2018-01-29,4856
2018-01-30,4763
2018-01-31,2522
2018-02-01,799
2018-02-02,4246
2018-02-03,576
2018-02-04,4588
2018-02-05,3060
2018-02-06,1275
2018-02-07,2297
2018-02-08,3706
2018-02-09,1297
2018-02-10,2180
2018-02-11,2654
2018-02-12,940
2018-02-13,3951
2018-02-14,1202
2018-02-15,702
2018-02-16,4702
2018-02-17,3668
2018-02-18,3173
2018-02-19,776
2018-02-20,3111
2018-02-21,2484
2018-02-22,914
2018-02-23,1099
2018-02-24,1250
2018-02-25,900
2018-02-26,1607
2018-02-27,3858
2018-02-28,2731
2018-03-01,2620
2018-03-02,2693
2018-03-03,4902
2018-03-04,4685
2018-03-05,1575
2018-03-06,3014
2018-03-07,4661
2018-03-08,4312
2018-03-09,4880
2018-03-10,1331
2018-03-11,787
2018-03-12,2047
2018-03-13,771
2018-03-14,3794
2018-03-15,4823
2018-03-16,1709
2018-03-17,2171
2018-03-18,3280
2018-03-19,2437
2018-03-20,1767
2018-03-21,2194
2018-03-22,1700
2018-03-23,3379
2018-03-24,1485
2018-03-25,3526
2018-03-26,3041
2018-03-27,1546
2018-03-28,1111
2018-03-29,3596
2018-03-30,4131
2018-03-31,1213
2018-04-01,1602
2018-04-02,3576
2018-04-03,1494
2018-04-04,3100
2018-04-05,4792
2018-04-06,2893
2018-04-07,4376
2018-04-08,4748
2018-04-09,1432
2018-04-10,1662
2018-04-11,2772
2018-04-12,1874
2018-04-13,4133
2018-04-14,1988
2018-04-15,1908
2018-04-16,4103
2018-04-17,1228
2018-04-18,3301
2018-04-19,1180
2018-04-20,4336
2018-04-21,2594
2018-04-22,3365
2018-04-23,1742
2018-04-24,3345
2018-04-25,1118
2018-04-26,4489
2018-04-27,4339
2018-04-28,2527
2018-04-29,4702
2018-04-30,3578
2018-05-01,752
2018-05-02,4325
2018-05-03,4946
2018-05-04,2568
2018-05-05,2352
2018-05-06,1113
2018-05-07,3427
2018-05-08,1469
2018-05-09,995
2018-05-10,4748
2018-05-11,1324
2018-05-12,3037
2018-05-13,3064
2018-05-14,2174
2018-05-15,4114
2018-05-16,617
2018-05-17,2255
2018-05-18,1399
2018-05-19,4071
2018-05-20,3625
2018-05-21,2383
2018-05-22,3670
2018-05-23,4427
2018-05-24,3312
2018-05-25,753
2018-05-26,3753
2018-05-27,848
2018-05-28,3665
2018-05-29,3990
2018-05-30,4873
2018-05-31,3846
2018-06-01,4348
2018-06-02,1369
2018-06-03,1802
2018-06-04,4132
2018-06-05,3603
2018-06-06,4885
2018-06-07,4629
2018-06-08,3357
2018-06-09,1041
2018-06-10,847
2018-06-11,1806
2018-06-12,4858
2018-06-13,1175
2018-06-14,4034
2018-06-15,629
2018-06-16,2053
2018-06-17,3767
2018-06-18,4301
2018-06-19,4228
2018-06-20,1404
2018-06-21,3359
2018-06-22,1667
2018-06-23,632
2018-06-24,2839
2018-06-25,3335
2018-06-26,2079
2018-06-27,1331
2018-06-28,2566
2018-06-29,1956
2018-06-30,3662
2018-07-01,853
2018-07-02,832
2018-07-03,1606
2018-07-04,3590
2018-07-05,4020
2018-07-06,4760
2018-07-07,3198
2018-07-08,748
2018-07-09,4823
2018-07-10,1118
2018-07-11,4149
2018-07-12,2781
2018-07-13,1620
2018-07-14,2965
2018-07-15,1358
2018-07-16,3715
2018-07-17,3233
2018-07-18,3016
2018-07-19,1795
2018-07-20,3038
2018-07-21,2423
2018-07-22,1336
2018-07-23,3746
2018-07-24,3013
2018-07-25,4106
2018-07-26,4777
2018-07-27,2364
2018-07-28,1826
2018-07-29,4354
2018-07-30,4603
2018-07-31,4434
2018-08-01,3607
2018-08-02,3388
2018-08-03,1909
2018-08-04,3833
2018-08-05,1553
2018-08-06,2969
2018-08-07,2394
2018-08-08,3201
2018-08-09,588
2018-08-10,3993
2018-08-11,2020
2018-08-12,3585
2018-08-13,4814
2018-08-14,1382
2018-08-15,3666
2018-08-16,2027
2018-08-17,2477
2018-08-18,2293
2018-08-19,2991
2018-08-20,4764
2018-08-21,1541
2018-08-22,2640
2018-08-23,987
2018-08-24,4427
2018-08-25,3436
2018-08-26,3988
2018-08-27,2488
2018-08-28,1957
2018-08-29,3526
2018-08-30,4277
2018-08-31,4065
2018-09-01,1098
2018-09-02,3634
2018-09-03,4452
2018-09-04,4213
2018-09-05,4983
2018-09-06,4788
2018-09-07,2338
2018-09-08,3085
2018-09-09,4194
2018-09-10,4407
2018-09-11,1440
2018-09-12,1817
2018-09-13,1329
2018-09-14,1606
2018-09-15,1560
2018-09-16,2617
2018-09-17,1274
2018-09-18,1701
2018-09-19,4925
2018-09-20,3174
2018-09-21,3916
2018-09-22,1452
2018-09-23,679
2018-09-24,1540
2018-09-25,1050
2018-09-26,4826
2018-09-27,4371
2018-09-28,4775
2018-09-29,3518
2018-09-30,2693
2018-10-01,1791
2018-10-02,2966
2018-10-03,1461
2018-10-04,1685
2018-10-05,4230
2018-10-06,3021
2018-10-07,4454
2018-10-08,4407
2018-10-09,759
2018-10-10,3526
2018-10-11,2750
2018-10-12,746
2018-10-13,1681
2018-10-14,3671
2018-10-15,1781
2018-10-16,581
2018-10-17,2430
2018-10-18,800
2018-10-19,787
2018-10-20,1958
2018-10-21,1229
2018-10-22,2605
2018-10-23,4713
2018-10-24,3273
2018-10-25,4519
2018-10-26,2078
2018-10-27,2539
2018-10-28,1077
2018-10-29,2103
2018-10-30,4094
2018-10-31,2921
2018-11-01,3433
2018-11-02,3931
2018-11-03,1953
2018-11-04,4564
2018-11-05,2484
2018-11-06,3094
2018-11-07,2709
2018-11-08,3528
2018-11-09,1576
2018-11-10,2209
2018-11-11,1899
2018-11-12,3488
2018-11-13,854
2018-11-14,1839
2018-11-15,2318
2018-11-16,821
2018-11-17,4848
2018-11-18,4792
2018-11-19,1137
2018-11-20,3470
2018-11-21,2505
2018-11-22,2895
2018-11-23,3228
2018-11-24,4243
2018-11-25,3758
2018-11-26,2953
2018-11-27,4712
2018-11-28,3985
2018-11-29,819
2018-11-30,1474
2018-12-01,1620
2018-12-02,4497
2018-12-03,4405
2018-12-04,2360
2018-12-05,3657
2018-12-06,1984
2018-12-07,1817
2018-12-08,4355
2018-12-09,2387
2018-12-10,3993
2018-12-11,2851
2018-12-12,2452
2018-12-13,4473
2018-12-14,1404
2018-12-15,4913
2018-12-16,3950
2018-12-17,4485
2018-12-18,4395
2018-12-19,576
2018-12-20,4559
2018-12-21,2757
2018-12-22,3337
2018-12-23,1609
2018-12-24,3610
2018-12-25,3153
2018-12-26,3153
2018-12-27,2557
2018-12-28,1279
2018-12-29,3700
2018-12-30,1405
2018-12-31,4347
2019-01-01,1756
2019-01-02,2851
2019-01-03,1561
2019-01-04,1965
2019-01-05,3497
2019-01-06,3412
2019-01-07,3215
2019-01-08,3146
2019-01-09,2973
2019-01-10,3871
2019-01-11,1757
2019-01-12,2037
2019-01-13,3440
2019-01-14,4473
2019-01-15,722
2019-01-16,3598
2019-01-17,1528
2019-01-18,3160
2019-01-19,1343
2019-01-20,783
2019-01-21,4503
2019-01-22,2689
2019-01-23,4988
2019-01-24,3230
2019-01-25,3743
2019-01-26,1993
2019-01-27,4808
2019-01-28,4785
2019-01-29,858
2019-01-30,3263
2019-01-31,1422
2019-02-01,4254
2019-02-02,2149
2019-02-03,1540
2019-02-04,1248
2019-02-05,1178
2019-02-06,2815
2019-02-07,4320
2019-02-08,1765
2019-02-09,1979
2019-02-10,1757
2019-02-11,4403
2019-02-12,3726
2019-02-13,2965
2019-02-14,3061
2019-02-15,967
2019-02-16,4836
2019-02-17,939
2019-02-18,3842
2019-02-19,4269
2019-02-20,3537
2019-02-21,4919
2019-02-22,1928
2019-02-23,2658
2019-02-24,1732
2019-02-25,3668
2019-02-26,1738
2019-02-27,2736
2019-02-28,1469
2019-03-01,1807
2019-03-02,4551
2019-03-03,2160
2019-03-04,3139
2019-03-05,1547
2019-03-06,1319
2019-03-07,1171
2019-03-08,2194
2019-03-09,3270
2019-03-10,3994
2019-03-11,3764
2019-03-12,4811
2019-03-13,2745
2019-03-14,2779
2019-03-15,4673
2019-03-16,1841
2019-03-17,3055
2019-03-18,3945
2019-03-19,3236
2019-03-20,4600
2019-03-21,1820
2019-03-22,2526
2019-03-23,3567
2019-03-24,4766
2019-03-25,876
2019-03-26,3543
2019-03-27,4750
2019-03-28,4284
2019-03-29,1858
2019-03-30,1185
2019-03-31,2419
2019-04-01,814
2019-04-02,2722
2019-04-03,556
2019-04-04,2871
2019-04-05,4993
2019-04-06,865
2019-04-07,1012
2019-04-08,4102
2019-04-09,2734
2019-04-10,4029
2019-04-11,3026
2019-04-12,3696
2019-04-13,1610
2019-04-14,578
2019-04-15,1108
2019-04-16,3172
2019-04-17,2121
2019-04-18,1279
2019-04-19,3131
2019-04-20,3493
2019-04-21,1452
2019-04-22,4492
2019-04-23,1235
2019-04-24,1865
2019-04-25,2988
2019-04-26,2775
2019-04-27,4434
2019-04-28,665
2019-04-29,1772
2019-04-30,2828
2019-05-01,1659
2019-05-02,828
2019-05-03,1147
2019-05-04,595
2019-05-05,661
2019-05-06,4519
2019-05-07,1275
2019-05-08,3672
2019-05-09,3190
2019-05-10,3270
2019-05-11,1407
2019-05-12,1761
2019-05-13,3756
2019-05-14,3264
2019-05-15,3246
2019-05-16,4741
2019-05-17,1880
2019-05-18,4842
2019-05-19,4800
2019-05-20,1467
2019-05-21,1684
2019-05-22,2551
2019-05-23,4912
2019-05-24,2421
2019-05-25,3271
2019-05-26,3274
2019-05-27,3597
2019-05-28,4754
2019-05-29,3225
2019-05-30,4929
2019-05-31,1211
2019-06-01,4998
2019-06-02,3899
2019-06-03,4213
2019-06-04,2600
2019-06-05,4526
2019-06-06,4320
2019-06-07,2773
2019-06-08,3087
2019-06-09,1120
2019-06-10,3267
2019-06-11,4642
2019-06-12,3780
2019-06-13,921
2019-06-14,2673
2019-06-15,2802
2019-06-16,2430
2019-06-17,1400
2019-06-18,3364
2019-06-19,2152
2019-06-20,1533
2019-06-21,3169
2019-06-22,1314
2019-06-23,1812
2019-06-24,2261
2019-06-25,4193
2019-06-26,1620
2019-06-27,3450
2019-06-28,1171
2019-06-29,862
2019-06-30,3570
2019-07-01,4895
2019-07-02,3719
2019-07-03,3081
2019-07-04,4621
2019-07-05,711
2019-07-06,1330
2019-07-07,3311
2019-07-08,1707
2019-07-09,4014
2019-07-10,3878
2019-07-11,1624
2019-07-12,1481
2019-07-13,4509
2019-07-14,803
2019-07-15,1903
2019-07-16,4897
2019-07-17,1229
2019-07-18,4152
2019-07-19,1411
2019-07-20,3271
2019-07-21,1527
2019-07-22,4002
2019-07-23,577
2019-07-24,1620
2019-07-25,1553
2019-07-26,762
2019-07-27,4156
2019-07-28,1719
2019-07-29,4751
2019-07-30,728
2019-07-31,4024
2019-08-01,2494
2019-08-02,3331
2019-08-03,2612
2019-08-04,2949
2019-08-05,3413
2019-08-06,4695
2019-08-07,3656
2019-08-08,3110
2019-08-09,2650
2019-08-10,4225
2019-08-11,1728
2019-08-12,1281
2019-08-13,4158
2019-08-14,562
2019-08-15,1331
2019-08-16,1646
2019-08-17,618
2019-08-18,1051
2019-08-19,3519
2019-08-20,2224
2019-08-21,2292
2019-08-22,4440
2019-08-23,654
2019-08-24,4889
2019-08-25,1847
2019-08-26,4834
2019-08-27,4993
2019-08-28,760
2019-08-29,1845
2019-08-30,4591
2019-08-31,1775
2019-09-01,898
2019-09-02,3761
2019-09-03,1759
2019-09-04,4013
2019-09-05,3153
2019-09-06,1020
2019-09-07,848
2019-09-08,2810
2019-09-09,4214
2019-09-10,1922
2019-09-11,4902
2019-09-12,4044
2019-09-13,3610
2019-09-14,2649
2019-09-15,2018
2019-09-16,1359
2019-09-17,2245
2019-09-18,3485
2019-09-19,2407
2019-09-20,1981
2019-09-21,3274
2019-09-22,855
2019-09-23,4977
2019-09-24,3969
2019-09-25,4785
2019-09-26,4265
2019-09-27,2985
2019-09-28,1176
2019-09-29,4189
2019-09-30,4004
2019-10-01,4323
2019-10-02,2521
2019-10-03,3460
2019-10-04,4559
2019-10-05,3798
2019-10-06,662
2019-10-07,3799
2019-10-08,2234
2019-10-09,929
2019-10-10,1331
2019-10-11,4813
2019-10-12,797
2019-10-13,2098
2019-10-14,2592
2019-10-15,1040
2019-10-16,3738
2019-10-17,3780
2019-10-18,2096
2019-10-19,2910
2019-10-20,1889
2019-10-21,1350
2019-10-22,575
2019-10-23,4638
2019-10-24,2085
2019-10-25,4347
2019-10-26,3137
2019-10-27,3663
2019-10-28,3116
2019-10-29,1720
2019-10-30,2908
2019-10-31,3167
2019-11-01,1649
2019-11-02,2243
2019-11-03,4975
2019-11-04,1658
2019-11-05,1049
2019-11-06,1425
2019-11-07,2099
2019-11-08,2269
2019-11-09,4162
2019-11-10,3564
2019-11-11,1606
2019-11-12,1312
2019-11-13,1385
2019-11-14,3848
2019-11-15,4290
2019-11-16,2120
2019-11-17,4380
2019-11-18,3839
2019-11-19,4696
2019-11-20,4964
2019-11-21,3957
2019-11-22,853
2019-11-23,1962
2019-11-24,1210
2019-11-25,3980
2019-11-26,4470
2019-11-27,3333
2019-11-28,1366
2019-11-29,625
2019-11-30,1262
2019-12-01,1839
2019-12-02,1605
2019-12-03,2053
2019-12-04,2405
2019-12-05,2382
2019-12-06,932
2019-12-07,3887
2019-12-08,3367
2019-12-09,4442
2019-12-10,1704
2019-12-11,1331
2019-12-12,4595
2019-12-13,4905
2019-12-14,3345
2019-12-15,3627
2019-12-16,2119
2019-12-17,2842
2019-12-18,1808
2019-12-19,1217
2019-12-20,4671
2019-12-21,1590
2019-12-22,1052
2019-12-23,1155
2019-12-24,1979
2019-12-25,3164
2019-12-26,3577
2019-12-27,2328
2019-12-28,1816
2019-12-29,2060
2019-12-30,3797
2019-12-31,1242
2020-01-01,823
2020-01-02,3798
2020-01-03,3951
2020-01-04,1973
2020-01-05,4913
2020-01-06,2462
2020-01-07,3495
2020-01-08,3492
2020-01-09,1436
2020-01-10,647
2020-01-11,2606
2020-01-12,2460
2020-01-13,1822
2020-01-14,3342
2020-01-15,4082
2020-01-16,816
2020-01-17,525
2020-01-18,2265
2020-01-19,2186
2020-01-20,2691
2020-01-21,1273
2020-01-22,695
2020-01-23,1764
2020-01-24,1726
2020-01-25,1700
2020-01-26,2750
2020-01-27,4501
2020-01-28,3166
2020-01-29,3988
2020-01-30,2145
2020-01-31,697
2020-02-01,2030
2020-02-02,2126
2020-02-03,548
2020-02-04,2775
2020-02-05,3876
2020-02-06,4083
2020-02-07,2331
2020-02-08,4073
2020-02-09,3361
2020-02-10,1953
2020-02-11,3560
2020-02-12,3443
2020-02-13,4254
2020-02-14,975
2020-02-15,4926
2020-02-16,2322
2020-02-17,1128
2020-02-18,1326
2020-02-19,4237
2020-02-20,3660
2020-02-21,1062
2020-02-22,3772
2020-02-23,2392
2020-02-24,780
2020-02-25,1837
2020-02-26,2192
2020-02-27,4168
2020-02-28,4012
2020-02-29,3790
2020-03-01,3899
2020-03-02,1502
2020-03-03,2472
2020-03-04,3358
2020-03-05,2158
2020-03-06,4069
2020-03-07,1288
2020-03-08,1783
2020-03-09,2178
2020-03-10,4240
2020-03-11,4454
2020-03-12,798
2020-03-13,880
2020-03-14,3475
2020-03-15,3756
2020-03-16,1929
2020-03-17,3155
2020-03-18,3490
2020-03-19,4690
2020-03-20,2769
2020-03-21,914
2020-03-22,692
2020-03-23,2334
2020-03-24,1070
2020-03-25,3088
2020-03-26,3442
2020-03-27,1318
2020-03-28,2469
2020-03-29,3816
2020-03-30,1703
2020-03-31,1111
2020-04-01,3690
2020-04-02,2637
2020-04-03,1601
2020-04-04,4335
2020-04-05,1665
2020-04-06,3149
2020-04-07,2046
2020-04-08,2576
2020-04-09,4844
2020-04-10,2370
2020-04-11,4464
2020-04-12,4560
2020-04-13,2637
2020-04-14,633
2020-04-15,4070
2020-04-16,2504
2020-04-17,1496
2020-04-18,548
2020-04-19,4329
2020-04-20,2148
2020-04-21,1094
2020-04-22,2160
2020-04-23,540
2020-04-24,2670
2020-04-25,1503
2020-04-26,4183
2020-04-27,2168
2020-04-28,4882
2020-04-29,4796
2020-04-30,1313
2020-05-01,2062
2020-05-02,4649
2020-05-03,2291
2020-05-04,3622
2020-05-05,4658
2020-05-06,4503
2020-05-07,1139
2020-05-08,3896
2020-05-09,4328
2020-05-10,3954
2020-05-11,4934
2020-05-12,615
2020-05-13,2512
2020-05-14,2210
2020-05-15,3355
2020-05-16,4750
2020-05-17,3774
2020-05-18,2345
2020-05-19,2210
2020-05-20,4416
2020-05-21,3116
2020-05-22,1328
2020-05-23,2209
2020-05-24,4423
2020-05-25,1249
2020-05-26,4694
2020-05-27,3909
2020-05-28,934
2020-05-29,2485
2020-05-30,4187
2020-05-31,680
2020-06-01,2959
2020-06-02,3343
2020-06-03,1708
2020-06-04,620
2020-06-05,2476
2020-06-06,2905
2020-06-07,3586
2020-06-08,2666
2020-06-09,4946
2020-06-10,4107
2020-06-11,1785
2020-06-12,522
2020-06-13,2528
2020-06-14,1969
2020-06-15,556
2020-06-16,3269
2020-06-17,4753
2020-06-18,1328
2020-06-19,3201
2020-06-20,3688
2020-06-21,3375
2020-06-22,2376
2020-06-23,1521
2020-06-24,4854
2020-06-25,1456
2020-06-26,4830
2020-06-27,1574
2020-06-28,2374
2020-06-29,3540
2020-06-30,2950
2020-07-01,980
2020-07-02,2730
2020-07-03,823
2020-07-04,749
2020-07-05,4204
2020-07-06,3792
2020-07-07,982
2020-07-08,3525
2020-07-09,1109
2020-07-10,764
2020-07-11,1526
2020-07-12,4487
2020-07-13,3741
2020-07-14,1417
2020-07-15,3790
2020-07-16,3498
2020-07-17,2845
2020-07-18,1104
2020-07-19,2292
2020-07-20,3110
2020-07-21,2474
2020-07-22,4404
2020-07-23,2282
2020-07-24,4050
2020-07-25,3495
2020-07-26,1913
2020-07-27,4731
2020-07-28,4264
2020-07-29,2156
2020-07-30,1866
2020-07-31,4279
2020-08-01,1502
2020-08-02,3378
2020-08-03,1107
2020-08-04,988
2020-08-05,3572
2020-08-06,1123
2020-08-07,3615
2020-08-08,865
2020-08-09,4196
2020-08-10,4304
2020-08-11,523
2020-08-12,887
2020-08-13,777
2020-08-14,1480
2020-08-15,569
2020-08-16,525
2020-08-17,4634
2020-08-18,3660
2020-08-19,4714
2020-08-20,1920
2020-08-21,4737
2020-08-22,3397
2020-08-23,1699
2020-08-24,1164
2020-08-25,4490
2020-08-26,4945
2020-08-27,4815
2020-08-28,3098
2020-08-29,3651
2020-08-30,712
2020-08-31,4425
2020-09-01,2566
2020-09-02,2636
2020-09-03,2247
2020-09-04,3965
2020-09-05,2475
2020-09-06,4575
2020-09-07,1124
2020-09-08,1531
2020-09-09,4842
2020-09-10,2489
2020-09-11,825
2020-09-12,4810
2020-09-13,4578
2020-09-14,3402
2020-09-15,1743
2020-09-16,2775
2020-09-17,1116
2020-09-18,4090
2020-09-19,1590
2020-09-20,3606
2020-09-21,4690
2020-09-22,2971
2020-09-23,3644
2020-09-24,2858
2020-09-25,3571
2020-09-26,1768
2020-09-27,2268
2020-09-28,4349
2020-09-29,1311
2020-09-30,2372
2020-10-01,4270
2020-10-02,4125
2020-10-03,3188
2020-10-04,1162
2020-10-05,4763
2020-10-06,4652
2020-10-07,3109
2020-10-08,3311
2020-10-09,2996
2020-10-10,4256
2020-10-11,2342
2020-10-12,4644
2020-10-13,2278
2020-10-14,4673
2020-10-15,3471
2020-10-16,3383
2020-10-17,848
2020-10-18,2154
2020-10-19,2502
2020-10-20,4028
2020-10-21,3980
2020-10-22,4538
2020-10-23,2320
2020-10-24,3805
2020-10-25,655
2020-10-26,2357
2020-10-27,2245
2020-10-28,3380
2020-10-29,2038
2020-10-30,1307
2020-10-31,1154
2020-11-01,2468
2020-11-02,1617
2020-11-03,792
2020-11-04,4444
2020-11-05,1919
2020-11-06,892
2020-11-07,2627
2020-11-08,937
2020-11-09,4672
2020-11-10,2145
2020-11-11,4162
2020-11-12,1806
2020-11-13,4670
2020-11-14,4446
2020-11-15,4545
2020-11-16,2473
2020-11-17,2918
2020-11-18,4684
2020-11-19,4380
2020-11-20,4614
2020-11-21,3919
2020-11-22,3986
2020-11-23,3010
2020-11-24,1284
2020-11-25,3567
2020-11-26,707
2020-11-27,3429
2020-11-28,4189
2020-11-29,641
2020-11-30,3623
2020-12-01,2330
2020-12-02,2962
2020-12-03,4281
2020-12-04,3721
2020-12-05,4763
2020-12-06,4130
2020-12-07,2503
2020-12-08,617
2020-12-09,2839
2020-12-10,598
2020-12-11,1298
2020-12-12,3688
2020-12-13,2658
2020-12-14,1565
2020-12-15,1018
2020-12-16,1471
2020-12-17,4298
2020-12-18,2927
2020-12-19,732
2020-12-20,1516
2020-12-21,3868
2020-12-22,1391
2020-12-23,4968
2020-12-24,1433
2020-12-25,596
2020-12-26,4392
2020-12-27,3398
2020-12-28,1942
2020-12-29,2425
2020-12-30,870
2020-12-31,4771
2021-01-01,4170
2021-01-02,2766
2021-01-03,4592
2021-01-04,930
2021-01-05,2135
2021-01-06,4898
2021-01-07,3447
2021-01-08,539
2021-01-09,1133
2021-01-10,2999
2021-01-11,2043
2021-01-12,3066
2021-01-13,1302
2021-01-14,1916
2021-01-15,4995
2021-01-16,2073
2021-01-17,2297
2021-01-18,3911
2021-01-19,3445
2021-01-20,4221
2021-01-21,669
2021-01-22,3577
2021-01-23,1035
2021-01-24,3687
2021-01-25,1591
2021-01-26,1883
2021-01-27,4713
2021-01-28,4487
2021-01-29,4851
2021-01-30,4924
2021-01-31,3389
2021-02-01,3920
2021-02-02,4088
2021-02-03,1485
2021-02-04,3797
2021-02-05,4949
2021-02-06,3282
2021-02-07,1257
2021-02-08,4578
2021-02-09,3938
2021-02-10,1117
2021-02-11,2635
2021-02-12,2608
2021-02-13,4653
2021-02-14,4726
2021-02-15,4842
2021-02-16,3925
2021-02-17,4721
2021-02-18,4921
2021-02-19,613
2021-02-20,508
2021-02-21,3113
2021-02-22,1886
2021-02-23,501
2021-02-24,3152
2021-02-25,3831
2021-02-26,3187
2021-02-27,945
2021-02-28,4640
2021-03-01,3577
2021-03-02,2230
2021-03-03,1603
2021-03-04,1551
2021-03-05,638
2021-03-06,3351
2021-03-07,4587
2021-03-08,2188
2021-03-09,4032
2021-03-10,4384
2021-03-11,1520
2021-03-12,590
2021-03-13,4743
2021-03-14,1790
2021-03-15,2006
2021-03-16,4591
2021-03-17,765
2021-03-18,782
2021-03-19,1766
2021-03-20,3535
2021-03-21,1931
2021-03-22,4773
2021-03-23,3966
2021-03-24,742
2021-03-25,4548
2021-03-26,3971
2021-03-27,776
2021-03-28,3607
2021-03-29,3169
2021-03-30,3455
2021-03-31,3767
2021-04-01,1659
2021-04-02,3685
2021-04-03,4168
2021-04-04,2911
2021-04-05,3237
2021-04-06,2067
2021-04-07,4128
2021-04-08,3542
2021-04-09,1787
2021-04-10,4996
2021-04-11,1667
2021-04-12,1927
2021-04-13,4003
2021-04-14,821
2021-04-15,4284
2021-04-16,2922
2021-04-17,4196
2021-04-18,4408
2021-04-19,1575
2021-04-20,4280
2021-04-21,1594
2021-04-22,1234
2021-04-23,1185
2021-04-24,3933
2021-04-25,4158
2021-04-26,2970
2021-04-27,3281
2021-04-28,3714
2021-04-29,3225
2021-04-30,3445
2021-05-01,4681
2021-05-02,4761
2021-05-03,1537
2021-05-04,2847
2021-05-05,953
2021-05-06,2881
2021-05-07,2484
2021-05-08,3299
2021-05-09,1038
2021-05-10,934
2021-05-11,3627
2021-05-12,784
2021-05-13,2439
2021-05-14,2268
2021-05-15,1166
2021-05-16,3465
2021-05-17,865
2021-05-18,883
2021-05-19,4803
2021-05-20,4033
2021-05-21,1295
2021-05-22,1739
2021-05-23,2895
2021-05-24,2582
2021-05-25,4550
2021-05-26,3983
2021-05-27,2366
2021-05-28,548
2021-05-29,4595
2021-05-30,3413
2021-05-31,2734
2021-06-01,1926
2021-06-02,3321
2021-06-03,2729
2021-06-04,3851
2021-06-05,1428
2021-06-06,3573
2021-06-07,542
2021-06-08,1183
2021-06-09,4036
2021-06-10,4792
2021-06-11,500
2021-06-12,4809
2021-06-13,2403
2021-06-14,1161
2021-06-15,2273
2021-06-16,3399
2021-06-17,1941
2021-06-18,3227
2021-06-19,2620
2021-06-20,4810
2021-06-21,3064
2021-06-22,3219
2021-06-23,4922
2021-06-24,1067
2021-06-25,926
2021-06-26,4402
2021-06-27,4664
2021-06-28,3742
2021-06-29,1156
2021-06-30,3290
2021-07-01,3416
2021-07-02,4321
2021-07-03,3022
2021-07-04,674
2021-07-05,968
2021-07-06,4865
2021-07-07,3666
2021-07-08,3199
2021-07-09,3245
2021-07-10,2565
2021-07-11,2650
2021-07-12,2460
2021-07-13,2714
2021-07-14,4997
2021-07-15,2208
2021-07-16,3737
2021-07-17,4021
2021-07-18,567
2021-07-19,4637
2021-07-20,4481
2021-07-21,3735
2021-07-22,3480
2021-07-23,1789
2021-07-24,3099
2021-07-25,4537
2021-07-26,3171
2021-07-27,2657
2021-07-28,635
2021-07-29,3050
2021-07-30,4660
2021-07-31,4781
2021-08-01,2026
2021-08-02,625
2021-08-03,4012
2021-08-04,746
2021-08-05,2369
2021-08-06,662
2021-08-07,1637
2021-08-08,619
2021-08-09,4515
2021-08-10,2643
2021-08-11,3188
2021-08-12,4230
2021-08-13,4202
2021-08-14,2403
2021-08-15,2163
2021-08-16,1246
2021-08-17,659
2021-08-18,3987
2021-08-19,4775
2021-08-20,2869
2021-08-21,1700
2021-08-22,4941
2021-08-23,3764
2021-08-24,1983
2021-08-25,2221
2021-08-26,2053
2021-08-27,2206
2021-08-28,2218
2021-08-29,4920
2021-08-30,1417
2021-08-31,4598
2021-09-01,3915
2021-09-02,4505
2021-09-03,3270
2021-09-04,2817
2021-09-05,3777
2021-09-06,2264
2021-09-07,1480
2021-09-08,1996
2021-09-09,3219
2021-09-10,1653
2021-09-11,4919
2021-09-12,3499
2021-09-13,1108
2021-09-14,3537
2021-09-15,4879
2021-09-16,2353
2021-09-17,2869
2021-09-18,2386
2021-09-19,1660
2021-09-20,3486
2021-09-21,917
2021-09-22,993
2021-09-23,4841
2021-09-24,3030
2021-09-25,2219
2021-09-26,1584
2021-09-27,4718
2021-09-28,1711
2021-09-29,1754
2021-09-30,2014
2021-10-01,992
2021-10-02,730
2021-10-03,3552
2021-10-04,3338
2021-10-05,4295
2021-10-06,3961
2021-10-07,3154
2021-10-08,4080
2021-10-09,3332
2021-10-10,2188
2021-10-11,3518
2021-10-12,528
2021-10-13,2580
2021-10-14,670
2021-10-15,3577
2021-10-16,2245
2021-10-17,3287
2021-10-18,704
2021-10-19,2941
2021-10-20,1281
2021-10-21,965
2021-10-22,1601
2021-10-23,2306
2021-10-24,1387
2021-10-25,3008
2021-10-26,3136
2021-10-27,1298
2021-10-28,739
2021-10-29,3462
2021-10-30,3284
2021-10-31,824
2021-11-01,3922
2021-11-02,1655
2021-11-03,1430
2021-11-04,1620
2021-11-05,3884
2021-11-06,4403
2021-11-07,3741
2021-11-08,1790
2021-11-09,1597
2021-11-10,3578
2021-11-11,4831
2021-11-12,4299
2021-11-13,4342
2021-11-14,1159
2021-11-15,2200
2021-11-16,4397
2021-11-17,1575
2021-11-18,2788
2021-11-19,2129
2021-11-20,3642
2021-11-21,3919
2021-11-22,2297
2021-11-23,1105
2021-11-24,4163
2021-11-25,3104
2021-11-26,848
2021-11-27,4419
2021-11-28,4399
2021-11-29,3641
2021-11-30,3262
2021-12-01,2345
2021-12-02,936
2021-12-03,2282
2021-12-04,3072
2021-12-05,536
2021-12-06,1413
2021-12-07,1680
2021-12-08,1521
2021-12-09,2486
2021-12-10,2336
2021-12-11,2735
2021-12-12,3690
2021-12-13,2278
2021-12-14,655
2021-12-15,4872
2021-12-16,3151
2021-12-17,1446
2021-12-18,1793
2021-12-19,1761
2021-12-20,3930
2021-12-21,600
2021-12-22,3061
2021-12-23,2035
2021-12-24,2497
2021-12-25,3367
2021-12-26,885
2021-12-27,3729
2021-12-28,3986
2021-12-29,1454
2021-12-30,702
2021-12-31,2160
2022-01-01,3443
2022-01-02,3559
2022-01-03,2655
2022-01-04,2225
2022-01-05,2559
2022-01-06,4926
2022-01-07,879
2022-01-08,4318
2022-01-09,3661
2022-01-10,2879
2022-01-11,1047
2022-01-12,731
2022-01-13,4589
2022-01-14,1645
2022-01-15,1215
2022-01-16,2975
2022-01-17,2964
2022-01-18,4557
2022-01-19,4138
2022-01-20,2508
2022-01-21,925
2022-01-22,3529
2022-01-23,4749
2022-01-24,2649
2022-01-25,2489
2022-01-26,4486
2022-01-27,1920
2022-01-28,3409
2022-01-29,4837
2022-01-30,2974
2022-01-31,3389
2022-02-01,768
2022-02-02,2874
2022-02-03,3255
2022-02-04,2186
2022-02-05,3879
2022-02-06,4916
2022-02-07,3283
2022-02-08,3587
2022-02-09,3627
2022-02-10,2417
2022-02-11,1254
2022-02-12,4182
2022-02-13,2180
2022-02-14,872
2022-02-15,2516
2022-02-16,4070
2022-02-17,3694
2022-02-18,2283
2022-02-19,2801
2022-02-20,1004
2022-02-21,1006
2022-02-22,4956
2022-02-23,1417
2022-02-24,2660
2022-02-25,4502
2022-02-26,1802
2022-02-27,4341
2022-02-28,4388
2022-03-01,1973
2022-03-02,4214
2022-03-03,2543
2022-03-04,2020
2022-03-05,4658
2022-03-06,1313
2022-03-07,1051
2022-03-08,2043
2022-03-09,1152
2022-03-10,1723
2022-03-11,3748
2022-03-12,1426
2022-03-13,4783
2022-03-14,1435
2022-03-15,2605
2022-03-16,2019
2022-03-17,1816
2022-03-18,3758
2022-03-19,3397
2022-03-20,2824
2022-03-21,2523
2022-03-22,1663
2022-03-23,4108
2022-03-24,4858
2022-03-25,1497
2022-03-26,2532
2022-03-27,724
2022-03-28,4245
2022-03-29,799
2022-03-30,817
2022-03-31,4771
2022-04-01,2579
2022-04-02,2811
2022-04-03,3717
2022-04-04,4171
2022-04-05,2457
2022-04-06,2431
2022-04-07,4852
2022-04-08,4665
2022-04-09,4682
2022-04-10,1629
2022-04-11,2494
2022-04-12,4880
2022-04-13,3487
2022-04-14,1571
2022-04-15,1622
2022-04-16,1486
2022-04-17,4218
2022-04-18,4370
2022-04-19,3514
2022-04-20,3841
2022-04-21,3393
2022-04-22,3594
2022-04-23,4477
2022-04-24,1337
2022-04-25,523
2022-04-26,4933
2022-04-27,4385
2022-04-28,1624
2022-04-29,2868
2022-04-30,694
2022-05-01,1045
2022-05-02,3854
2022-05-03,4061
2022-05-04,4755
2022-05-05,1732
2022-05-06,4329
2022-05-07,1371
2022-05-08,4587
2022-05-09,2873
2022-05-10,683
2022-05-11,1692
2022-05-12,3882
2022-05-13,1095
2022-05-14,1580
2022-05-15,4450
2022-05-16,2193
2022-05-17,4627
2022-05-18,3746
2022-05-19,1156
2022-05-20,2222
2022-05-21,1668
2022-05-22,2869
2022-05-23,677
2022-05-24,4374
2022-05-25,3156
2022-05-26,1639
2022-05-27,1315
2022-05-28,611
2022-05-29,2177
2022-05-30,4422
2022-05-31,2061
2022-06-01,3325
2022-06-02,3540
2022-06-03,3954
2022-06-04,2124
2022-06-05,4057
2022-06-06,2632
2022-06-07,4574
2022-06-08,751
2022-06-09,618
2022-06-10,3861
2022-06-11,4725
2022-06-12,3149
2022-06-13,2033
2022-06-14,4057
2022-06-15,4003
2022-06-16,2875
2022-06-17,4030
2022-06-18,1463
2022-06-19,4267
2022-06-20,1435
2022-06-21,3728
2022-06-22,2951
2022-06-23,4556
2022-06-24,2065
2022-06-25,2373
2022-06-26,3618
2022-06-27,744
2022-06-28,4800
2022-06-29,1324
2022-06-30,1630
2022-07-01,1095
2022-07-02,2053
2022-07-03,2403
2022-07-04,1057
2022-07-05,4997
2022-07-06,1648
2022-07-07,3162
2022-07-08,1475
2022-07-09,3141
2022-07-10,4413
2022-07-11,4403
2022-07-12,942
2022-07-13,2549
2022-07-14,2019
2022-07-15,546
2022-07-16,4625
2022-07-17,4567
2022-07-18,1043
2022-07-19,3624
2022-07-20,2565
2022-07-21,2834
2022-07-22,2376
2022-07-23,4943
2022-07-24,3916
2022-07-25,4331
2022-07-26,2648
2022-07-27,3235
2022-07-28,4927
2022-07-29,4376
2022-07-30,3401
2022-07-31,1393
2022-08-01,2988
2022-08-02,538
2022-08-03,944
2022-08-04,2061
2022-08-05,3767
2022-08-06,4599
2022-08-07,4700
2022-08-08,944
2022-08-09,1043
2022-08-10,3558
2022-08-11,3367
2022-08-12,2481
2022-08-13,4481
2022-08-14,1361
2022-08-15,1483
2022-08-16,2867
2022-08-17,805
2022-08-18,2995
2022-08-19,4888
2022-08-20,4769
2022-08-21,1569
2022-08-22,2854
2022-08-23,4290
2022-08-24,3164
2022-08-25,4297
2022-08-26,1453
2022-08-27,1980
2022-08-28,1526
2022-08-29,3859
2022-08-30,966
2022-08-31,1422
2022-09-01,3274
2022-09-02,4622
2022-09-03,727
2022-09-04,2241
2022-09-05,687
2022-09-06,4043
2022-09-07,573
2022-09-08,4296
2022-09-09,1807
2022-09-10,4762
2022-09-11,1688
2022-09-12,4965
2022-09-13,882
2022-09-14,586
2022-09-15,4838
2022-09-16,793
2022-09-17,2114
2022-09-18,3235
2022-09-19,1121
2022-09-20,4065
2022-09-21,3496
2022-09-22,1685
2022-09-23,1904
2022-09-24,505
2022-09-25,2962
2022-09-26,1276
2022-09-27,4467
2022-09-28,1512
2022-09-29,4595
2022-09-30,835
2022-10-01,1460
2022-10-02,4890
2022-10-03,3025
2022-10-04,4798
2022-10-05,1019
2022-10-06,1659
2022-10-07,1431
2022-10-08,914
2022-10-09,4570
2022-10-10,3919
2022-10-11,3738
2022-10-12,3909
2022-10-13,1316
2022-10-14,3182
2022-10-15,3772
2022-10-16,2632
2022-10-17,2303
2022-10-18,4112
2022-10-19,2221
2022-10-20,1772
2022-10-21,4873
2022-10-22,3892
2022-10-23,1337
2022-10-24,4419
2022-10-25,4763
2022-10-26,1882
2022-10-27,2687
2022-10-28,2472
2022-10-29,1857
2022-10-30,4064
2022-10-31,672
2022-11-01,4026
2022-11-02,1507
2022-11-03,4341
2022-11-04,1091
2022-11-05,4718
2022-11-06,4898
2022-11-07,1852
2022-11-08,2703
2022-11-09,4064
2022-11-10,2655
2022-11-11,3779
2022-11-12,1174
2022-11-13,724
2022-11-14,4388
2022-11-15,2709
2022-11-16,3342
2022-11-17,2909
2022-11-18,3801
2022-11-19,901
2022-11-20,2491
2022-11-21,531
2022-11-22,3470
2022-11-23,4212
2022-11-24,1444
2022-11-25,4973
2022-11-26,3046
2022-11-27,738
2022-11-28,2930
2022-11-29,1808
2022-11-30,636
2022-12-01,739
2022-12-02,1747
2022-12-03,3535
2022-12-04,737
2022-12-05,3851
2022-12-06,4389
2022-12-07,4969
2022-12-08,2671
2022-12-09,4023
2022-12-10,3564
2022-12-11,1520
2022-12-12,3213
2022-12-13,1129
2022-12-14,2981
2022-12-15,1175
2022-12-16,842
2022-12-17,4324
2022-12-18,3943
2022-12-19,2203
2022-12-20,3116
2022-12-21,2053
2022-12-22,2939
2022-12-23,4482
2022-12-24,1230
2022-12-25,4124
2022-12-26,2550
2022-12-27,3698
2022-12-28,4598
2022-12-29,4331
2022-12-30,3273
2022-12-31,779
2023-01-01,2750
2023-01-02,1355
2023-01-03,1119
2023-01-04,2924
2023-01-05,2720
2023-01-06,1207
2023-01-07,1502
2023-01-08,4892
2023-01-09,4522
2023-01-10,1775
2023-01-11,2970
2023-01-12,4198
2023-01-13,3272
2023-01-14,3231
2023-01-15,3143
2023-01-16,3927
2023-01-17,999
2023-01-18,3305
2023-01-19,2451
2023-01-20,658
2023-01-21,622
2023-01-22,1630
2023-01-23,2430
2023-01-24,4704
2023-01-25,3426
2023-01-26,3553
2023-01-27,3473
2023-01-28,979
2023-01-29,2655
2023-01-30,2939
2023-01-31,2410
2023-02-01,2520
2023-02-02,2648
2023-02-03,2817
2023-02-04,4396
2023-02-05,4011
2023-02-06,2063
2023-02-07,4119
2023-02-08,2312
2023-02-09,1132
2023-02-10,4252
2023-02-11,4244
2023-02-12,3270
2023-02-13,565
2023-02-14,4856
2023-02-15,1987
2023-02-16,1398
2023-02-17,3902
2023-02-18,4088
2023-02-19,3463
2023-02-20,3058
2023-02-21,784
2023-02-22,2548
2023-02-23,2680
2023-02-24,2465
2023-02-25,2634
2023-02-26,4567
2023-02-27,2516
2023-02-28,897
2023-03-01,3576
2023-03-02,4042
2023-03-03,3323
2023-03-04,4947
2023-03-05,1516
2023-03-06,1535
2023-03-07,4425
2023-03-08,3763
2023-03-09,3494
2023-03-10,4191
2023-03-11,3794
2023-03-12,1290
2023-03-13,580
2023-03-14,1513
2023-03-15,1199
2023-03-16,2117
2023-03-17,518
2023-03-18,612
2023-03-19,2909
2023-03-20,3141
2023-03-21,2249
2023-03-22,4640
2023-03-23,3550
2023-03-24,3307
2023-03-25,3420
2023-03-26,1129
2023-03-27,3775
2023-03-28,3080
2023-03-29,4048
2023-03-30,3403
2023-03-31,1165
2023-04-01,1762
2023-04-02,4207
2023-04-03,953
2023-04-04,4530
2023-04-05,3621
2023-04-06,810
2023-04-07,1616
2023-04-08,4419
2023-04-09,3139
2023-04-10,535
2023-04-11,3908
2023-04-12,2474
2023-04-13,3536
2023-04-14,1361
2023-04-15,4177
2023-04-16,4288
2023-04-17,3136
2023-04-18,4637
2023-04-19,2963
2023-04-20,2455
2023-04-21,2229
2023-04-22,4182
2023-04-23,4900
2023-04-24,2888
2023-04-25,1033
2023-04-26,3525
2023-04-27,4558
2023-04-28,4761
2023-04-29,4397
2023-04-30,4561
2023-05-01,3799
2023-05-02,3532
2023-05-03,782
2023-05-04,2262
2023-05-05,1603
2023-05-06,4272
2023-05-07,1659
2023-05-08,4169
2023-05-09,859
2023-05-10,3429
2023-05-11,3055
2023-05-12,1313
2023-05-13,1323
2023-05-14,3123
2023-05-15,3410
2023-05-16,940
2023-05-17,4934
2023-05-18,1418
2023-05-19,3439
2023-05-20,4927
2023-05-21,3105
2023-05-22,3933
2023-05-23,778
2023-05-24,4121
2023-05-25,3623
2023-05-26,3482
2023-05-27,4589
2023-05-28,2415
2023-05-29,3416
2023-05-30,3956
2023-05-31,3416
2023-06-01,1206
2023-06-02,2771
2023-06-03,4491
2023-06-04,2172
2023-06-05,4142
2023-06-06,3858
2023-06-07,3072
2023-06-08,1289
2023-06-09,2717
2023-06-10,2110
2023-06-11,1321
2023-06-12,4284
2023-06-13,2137
2023-06-14,3816
2023-06-15,984
2023-06-16,2374
2023-06-17,3351
2023-06-18,852
2023-06-19,4552
2023-06-20,4674
2023-06-21,1864
2023-06-22,4495
2023-06-23,2007
2023-06-24,1542
2023-06-25,1322
2023-06-26,3135
2023-06-27,4515
2023-06-28,2782
2023-06-29,2958
2023-06-30,3242
2023-07-01,2522
2023-07-02,605
2023-07-03,4983
2023-07-04,1519
2023-07-05,1598
2023-07-06,2071
2023-07-07,4617
2023-07-08,4476
2023-07-09,739
2023-07-10,3213
2023-07-11,907
2023-07-12,801
2023-07-13,4007
2023-07-14,1824
2023-07-15,3618
2023-07-16,719
2023-07-17,3782
2023-07-18,966
2023-07-19,2958
2023-07-20,4015
2023-07-21,4577
2023-07-22,3411
2023-07-23,3914
2023-07-24,707
2023-07-25,3396
2023-07-26,1754
2023-07-27,1582
2023-07-28,4447
2023-07-29,2587
2023-07-30,4138
2023-07-31,821
2023-08-01,3435
2023-08-02,1302
2023-08-03,2762
2023-08-04,2057
2023-08-05,4881
2023-08-06,1209
2023-08-07,2091
2023-08-08,4372
2023-08-09,3598
2023-08-10,4294
2023-08-11,2079
2023-08-12,4443
2023-08-13,4801
2023-08-14,4519
2023-08-15,4350
2023-08-16,1568
2023-08-17,729
2023-08-18,4713
2023-08-19,1249
2023-08-20,4315
2023-08-21,3953
2023-08-22,3478
2023-08-23,1835
2023-08-24,4551
2023-08-25,1504
2023-08-26,2413
2023-08-27,3106
2023-08-28,3987
2023-08-29,3148
2023-08-30,2601
2023-08-31,2128
2023-09-01,672
2023-09-02,2766
2023-09-03,507
2023-09-04,2235
2023-09-05,1518
2023-09-06,1480
2023-09-07,1509
2023-09-08,4202
2023-09-09,2350
2023-09-10,1326
2023-09-11,815
2023-09-12,554
2023-09-13,920
2023-09-14,2520
2023-09-15,1568
2023-09-16,1013
2023-09-17,1081
2023-09-18,1229
2023-09-19,4527
2023-09-20,3881
2023-09-21,2600
2023-09-22,2551
2023-09-23,4885
2023-09-24,4682
2023-09-25,2886
2023-09-26,4736
2023-09-27,3590
2023-09-28,1642
2023-09-29,3741
2023-09-30,1705
2023-10-01,3002
2023-10-02,1381
2023-10-03,2881
2023-10-04,1670
2023-10-05,2286
2023-10-06,4520
2023-10-07,1932
2023-10-08,2699
2023-10-09,4347
2023-10-10,4104
2023-10-11,764
2023-10-12,4658
2023-10-13,761
2023-10-14,2596
2023-10-15,2237
2023-10-16,4448
2023-10-17,3242
2023-10-18,2707
2023-10-19,4352
2023-10-20,4857
2023-10-21,1145
2023-10-22,621
2023-10-23,945
2023-10-24,4333
2023-10-25,1441
2023-10-26,3197
2023-10-27,3974
2023-10-28,4248
2023-10-29,2985
2023-10-30,4040
2023-10-31,2656
2023-11-01,1903
2023-11-02,4175
2023-11-03,867
2023-11-04,653
2023-11-05,4781
2023-11-06,4356
2023-11-07,981
2023-11-08,1024
2023-11-09,4639
2023-11-10,1069
2023-11-11,2255
2023-11-12,3907
2023-11-13,3497
2023-11-14,4243
2023-11-15,4835
2023-11-16,4190
2023-11-17,2877
2023-11-18,1483
2023-11-19,3151
2023-11-20,3885
2023-11-21,3159
2023-11-22,2625
2023-11-23,534
2023-11-24,538
2023-11-25,4537
2023-11-26,3937
2023-11-27,3365
2023-11-28,616
2023-11-29,1605
2023-11-30,2873
2023-12-01,884
2023-12-02,2228
2023-12-03,512
2023-12-04,3783
2023-12-05,4676
2023-12-06,4377
2023-12-07,2971
2023-12-08,2646
2023-12-09,1792
2023-12-10,2927
2023-12-11,3186
2023-12-12,4817
2023-12-13,1511
2023-12-14,1554
2023-12-15,1545
2023-12-16,836
2023-12-17,3300
2023-12-18,1422
2023-12-19,3266
2023-12-20,3067
2023-12-21,2552
2023-12-22,2810
2023-12-23,1868
2023-12-24,553
2023-12-25,583
2023-12-26,4431
2023-12-27,2456
2023-12-28,4593
2023-12-29,4628
2023-12-30,792
2023-12-31,2115
2024-01-01,1997
2024-01-02,4778
2024-01-03,2383
2024-01-04,1191
2024-01-05,2303
2024-01-06,2495
2024-01-07,1933
2024-01-08,1921
2024-01-09,2479
2024-01-10,3627
2024-01-11,550
2024-01-12,3480
2024-01-13,3677
2024-01-14,3466
2024-01-15,4549
2024-01-16,2101
2024-01-17,1063
2024-01-18,2239
2024-01-19,3928
2024-01-20,3785
2024-01-21,4954
2024-01-22,4496
2024-01-23,4665
2024-01-24,1472
2024-01-25,4848
2024-01-26,2067
2024-01-27,3386
2024-01-28,2800
2024-01-29,794
2024-01-30,3349
2024-01-31,1338
2024-02-01,2319
2024-02-02,1186
2024-02-03,848
2024-02-04,4139
2024-02-05,934
2024-02-06,2720
2024-02-07,3024
2024-02-08,2469
2024-02-09,3551
2024-02-10,3020
2024-02-11,3944
2024-02-12,2350
2024-02-13,1041
2024-02-14,4687
2024-02-15,1613
2024-02-16,1116
2024-02-17,4805
2024-02-18,814
2024-02-19,795
2024-02-20,4426
2024-02-21,3473
2024-02-22,3545
2024-02-23,4791
2024-02-24,4876
2024-02-25,3644
2024-02-26,4664
2024-02-27,2375
2024-02-28,845
2024-02-29,1043
2024-03-01,4000
2024-03-02,3346
2024-03-03,931
2024-03-04,939
2024-03-05,3032
2024-03-06,3093
2024-03-07,1354
2024-03-08,2915
2024-03-09,3221
2024-03-10,4786
2024-03-11,3059
2024-03-12,3361
2024-03-13,1224
2024-03-14,2088
2024-03-15,3234
2024-03-16,3379
2024-03-17,2897
2024-03-18,4358
2024-03-19,4906
2024-03-20,2134
2024-03-21,2499
2024-03-22,2830
2024-03-23,2995
2024-03-24,1646
2024-03-25,2902
2024-03-26,2501
2024-03-27,4366
2024-03-28,4105
2024-03-29,2340
2024-03-30,565
2024-03-31,3867
2024-04-01,1913
2024-04-02,3653
2024-04-03,4202
2024-04-04,3553
2024-04-05,4319
2024-04-06,3779
2024-04-07,2072
2024-04-08,4179
2024-04-09,4973
2024-04-10,877
2024-04-11,3360
2024-04-12,628
2024-04-13,791
2024-04-14,3494
2024-04-15,3182
2024-04-16,2671
2024-04-17,2245
2024-04-18,1236
2024-04-19,1502
2024-04-20,1991
2024-04-21,4110
2024-04-22,1759
2024-04-23,3917
2024-04-24,2276
2024-04-25,3844
2024-04-26,4876
2024-04-27,3173
2024-04-28,4045
2024-04-29,951
2024-04-30,3213
2024-05-01,1113
2024-05-02,4233
2024-05-03,4472
2024-05-04,908
2024-05-05,1060
2024-05-06,894
2024-05-07,1819
2024-05-08,4087
2024-05-09,1292
2024-05-10,3927
2024-05-11,1658
2024-05-12,4342
2024-05-13,2049
2024-05-14,564
2024-05-15,2263
2024-05-16,1170
2024-05-17,2981
2024-05-18,1580
2024-05-19,4928
2024-05-20,4699
2024-05-21,704
2024-05-22,4195
2024-05-23,1581
2024-05-24,1550
2024-05-25,3909
2024-05-26,624
2024-05-27,869
2024-05-28,1445
2024-05-29,2036
2024-05-30,3167
2024-05-31,2045
2024-06-01,4592
2024-06-02,2560
2024-06-03,1741
2024-06-04,784
2024-06-05,4764
2024-06-06,3276
2024-06-07,4375
2024-06-08,2209
2024-06-09,4114
2024-06-10,1593
2024-06-11,3192
2024-06-12,1565
2024-06-13,523
2024-06-14,1130
2024-06-15,4426
2024-06-16,2809
2024-06-17,2836
2024-06-18,1080
2024-06-19,4972
2024-06-20,2193
2024-06-21,1048
2024-06-22,3771
2024-06-23,1703
2024-06-24,976
2024-06-25,1623
2024-06-26,2262
2024-06-27,1540
2024-06-28,4720
2024-06-29,1404
2024-06-30,1304
2024-07-01,4786
2024-07-02,2679
2024-07-03,982
2024-07-04,2725
2024-07-05,2374
2024-07-06,3023
2024-07-07,2929
2024-07-08,1774
2024-07-09,1776
2024-07-10,1579
2024-07-11,929
2024-07-12,3204
2024-07-13,4649
2024-07-14,3341
2024-07-15,3009
2024-07-16,1879
2024-07-17,2916
2024-07-18,1165
2024-07-19,1220
2024-07-20,2835
2024-07-21,4766
2024-07-22,919
2024-07-23,3814
2024-07-24,3460
2024-07-25,3922
2024-07-26,4281
2024-07-27,3985
2024-07-28,615
2024-07-29,2695
2024-07-30,4815
2024-07-31,4858
2024-08-01,4450
2024-08-02,4504
2024-08-03,1054
2024-08-04,3566
2024-08-05,3180
2024-08-06,2342
2024-08-07,3968
2024-08-08,4542
2024-08-09,650
2024-08-10,1163
2024-08-11,760
2024-08-12,2367
2024-08-13,3366
2024-08-14,2824
2024-08-15,2104
2024-08-16,3142
2024-08-17,872
2024-08-18,1406
2024-08-19,1660
2024-08-20,2505
2024-08-21,2810
2024-08-22,937
2024-08-23,2705
2024-08-24,2122
2024-08-25,3891
2024-08-26,1479
2024-08-27,1043
2024-08-28,2613
2024-08-29,2946
2024-08-30,4203
2024-08-31,2943
2024-09-01,2117
2024-09-02,3616
2024-09-03,760
2024-09-04,2353
2024-09-05,2943
2024-09-06,4295
2024-09-07,3520
2024-09-08,4877
2024-09-09,3021
2024-09-10,1994
2024-09-11,531
2024-09-12,2349
2024-09-13,2278
2024-09-14,3199
2024-09-15,4962
2024-09-16,1013
2024-09-17,2902
2024-09-18,1981
2024-09-19,2979
2024-09-20,1935
2024-09-21,1289
2024-09-22,1908
2024-09-23,4374
2024-09-24,859
2024-09-25,4989
2024-09-26,1872
2024-09-27,2254
2024-09-28,697
2024-09-29,4262
2024-09-30,1756
2024-10-01,3435
2024-10-02,3367
2024-10-03,4585
2024-10-04,3189
2024-10-05,1558
2024-10-06,1014
2024-10-07,3666
2024-10-08,1573
2024-10-09,3561
2024-10-10,3571
2024-10-11,4255
2024-10-12,1340
2024-10-13,1185
2024-10-14,4190
2024-10-15,3210
2024-10-16,4747
2024-10-17,3480
2024-10-18,2727
2024-10-19,1360
2024-10-20,705
2024-10-21,1843
2024-10-22,4396
2024-10-23,4414
2024-10-24,783
2024-10-25,1745
2024-10-26,1652
2024-10-27,3091
2024-10-28,944
2024-10-29,2458
2024-10-30,1706
2024-10-31,2320
2024-11-01,4391
2024-11-02,4174
2024-11-03,1121
2024-11-04,3389
2024-11-05,4325
2024-11-06,2894
2024-11-07,3292
2024-11-08,4357
2024-11-09,3820
2024-11-10,1296
2024-11-11,4022
2024-11-12,746
2024-11-13,3118
2024-11-14,4093
2024-11-15,1273
2024-11-16,4236
2024-11-17,3262
2024-11-18,4319
2024-11-19,4739
2024-11-20,717
2024-11-21,964
2024-11-22,3370
2024-11-23,1698
2024-11-24,1328
2024-11-25,1615
2024-11-26,750
2024-11-27,1715
2024-11-28,2683
2024-11-29,2006
2024-11-30,4194
2024-12-01,4761
2024-12-02,1560
2024-12-03,1846
2024-12-04,2843
2024-12-05,734
2024-12-06,1490
2024-12-07,3675
2024-12-08,1869
2024-12-09,3927
2024-12-10,2889
2024-12-11,3010
2024-12-12,965
2024-12-13,4287
2024-12-14,1730
2024-12-15,2265
2024-12-16,3560
2024-12-17,2718
2024-12-18,1487
2024-12-19,2589
2024-12-20,551
2024-12-21,4879
2024-12-22,3140
2024-12-23,1777
2024-12-24,3777
2024-12-25,4751
2024-12-26,4046
2024-12-27,4228
2024-12-28,2598
2024-12-29,1681
2024-12-30,2644
2024-12-31,4225
2025-01-01,3718
2025-01-02,3289
2025-01-03,3421
2025-01-04,1959
2025-01-05,3481
2025-01-06,1393
2025-01-07,4027
2025-01-08,1110
2025-01-09,4406
2025-01-10,3958
2025-01-11,3990
2025-01-12,4042
2025-01-13,2718
2025-01-14,1295
2025-01-15,2371
2025-01-16,1563
2025-01-17,4203
2025-01-18,3863
2025-01-19,1976
2025-01-20,1787
2025-01-21,4606
2025-01-22,1700
2025-01-23,2097
2025-01-24,4563
2025-01-25,3857
2025-01-26,2136
2025-01-27,4699
2025-01-28,1310
2025-01-29,3833
2025-01-30,4605
2025-01-31,3390
2025-02-01,2370
2025-02-02,2250
2025-02-03,1905
2025-02-04,1347
2025-02-05,4943
2025-02-06,2030
2025-02-07,3874
2025-02-08,1166
2025-02-09,4135
2025-02-10,2964
2025-02-11,702
2025-02-12,3649
2025-02-13,1127
2025-02-14,1430
2025-02-15,4516
2025-02-16,3454
2025-02-17,566
2025-02-18,4476
2025-02-19,2384
2025-02-20,888
2025-02-21,3943
2025-02-22,4737
2025-02-23,3253
2025-02-24,2886
2025-02-25,2117
2025-02-26,1622
2025-02-27,1318
2025-02-28,4117
2025-03-01,619
2025-03-02,3004
2025-03-03,3385
2025-03-04,4140
2025-03-05,2306
2025-03-06,643
2025-03-07,622
2025-03-08,1711
2025-03-09,2473
2025-03-10,4341
2025-03-11,3358
2025-03-12,4196
2025-03-13,3374
2025-03-14,3366
2025-03-15,4562
2025-03-16,2111
2025-03-17,1951
2025-03-18,2280
2025-03-19,4454
2025-03-20,1700
2025-03-21,4851
2025-03-22,4901
2025-03-23,3355
2025-03-24,4927
2025-03-25,4495
2025-03-26,2883
2025-03-27,869
2025-03-28,1209
2025-03-29,2324
2025-03-30,2929
2025-03-31,3775
2025-04-01,2982
2025-04-02,585
2025-04-03,3408
2025-04-04,4704
2025-04-05,4032
2025-04-06,2788
2025-04-07,2186
2025-04-08,1692
2025-04-09,3170
2025-04-10,2680
2025-04-11,1568
2025-04-12,2685
2025-04-13,2991
2025-04-14,2574
2025-04-15,2239
2025-04-16,516
2025-04-17,4560
2025-04-18,2928
2025-04-19,1730
2025-04-20,3577
2025-04-21,1635
2025-04-22,1734
2025-04-23,2679
2025-04-24,2053
2025-04-25,2263
2025-04-26,754
2025-04-27,2104
2025-04-28,4598
2025-04-29,1227
2025-04-30,4776
2025-05-01,4485
2025-05-02,4167
2025-05-03,3039
2025-05-04,977
2025-05-05,3673
2025-05-06,4357
2025-05-07,4922
2025-05-08,1288
2025-05-09,2989
2025-05-10,4541
2025-05-11,1562
2025-05-12,1003
2025-05-13,929
2025-05-14,3133
2025-05-15,3129
2025-05-16,4790
2025-05-17,4369
2025-05-18,1713
2025-05-19,3571
2025-05-20,2040
2025-05-21,1122
2025-05-22,1157
2025-05-23,4125
2025-05-24,960
2025-05-25,3614
2025-05-26,4614
2025-05-27,2633
2025-05-28,2447
2025-05-29,2295
2025-05-30,2021
2025-05-31,3109
2025-06-01,4212
2025-06-02,3398
2025-06-03,1278
2025-06-04,504
2025-06-05,3578
2025-06-06,3898
2025-06-07,3519
2025-06-08,3076
2025-06-09,1796
2025-06-10,3200
2025-06-11,1642
2025-06-12,2976
2025-06-13,4488
2025-06-14,1397
2025-06-15,939
2025-06-16,1296
2025-06-17,3763
2025-06-18,4646
2025-06-19,3068
2025-06-20,4326
2025-06-21,4525
2025-06-22,3574
2025-06-23,4828
2025-06-24,4090
2025-06-25,1644
2025-06-26,4960
2025-06-27,2727
2025-06-28,533
2025-06-29,4873
2025-06-30,993
2025-07-01,3404
2025-07-02,1958
2025-07-03,3400
2025-07-04,576
2025-07-05,2481
2025-07-06,4226
2025-07-07,4110
2025-07-08,4391
2025-07-09,955
2025-07-10,1181
2025-07-11,3431
2025-07-12,1798
2025-07-13,1194
2025-07-14,924
2025-07-15,2700
2025-07-16,2805
2025-07-17,2364
2025-07-18,2570
2025-07-19,2359
2025-07-20,4080
2025-07-21,2718
2025-07-22,1882
2025-07-23,4454
2025-07-24,3364
2025-07-25,4499
2025-07-26,3213
2025-07-27,2053
2025-07-28,1748
2025-07-29,3018
2025-07-30,1700
2025-07-31,3861
2025-08-01,3351
2025-08-02,792
2025-08-03,572
2025-08-04,4155
2025-08-05,4137
2025-08-06,1618
2025-08-07,4183
2025-08-08,860
2025-08-09,2582
2025-08-10,2654
2025-08-11,2939
2025-08-12,3260
2025-08-13,3854
2025-08-14,4395
2025-08-15,1571
2025-08-16,3631
2025-08-17,1467
2025-08-18,1640
2025-08-19,2286
2025-08-20,2006
2025-08-21,1372
2025-08-22,1588
2025-08-23,815
2025-08-24,4726
2025-08-25,4935
2025-08-26,1567
2025-08-27,546
2025-08-28,4754
2025-08-29,1504
2025-08-30,3332
2025-08-31,1575
2025-09-01,1173
2025-09-02,3119
2025-09-03,1010
2025-09-04,4730
2025-09-05,2061
2025-09-06,3734
2025-09-07,3192
2025-09-08,2097
2025-09-09,3153
2025-09-10,1948
2025-09-11,1813
2025-09-12,1776
2025-09-13,1312
2025-09-14,1839
2025-09-15,3478
2025-09-16,3327
2025-09-17,4334
2025-09-18,4942
2025-09-19,4668
2025-09-20,973
2025-09-21,988
2025-09-22,2640
2025-09-23,1904
2025-09-24,3527
2025-09-25,2179
2025-09-26,3979
2025-09-27,3487
2025-09-28,883
2025-09-29,3500
2025-09-30,4981
2025-10-01,2548
2025-10-02,2734
2025-10-03,2331
2025-10-04,1415
2025-10-05,4037
2025-10-06,3041
2025-10-07,3391
2025-10-08,2158
2025-10-09,2578
2025-10-10,4482
2025-10-11,1674
2025-10-12,4591
2025-10-13,1635
2025-10-14,3546
2025-10-15,1124
2025-10-16,595
2025-10-17,1552
2025-10-18,1236
2025-10-19,3434
2025-10-20,4964
2025-10-21,1789
2025-10-22,3411
2025-10-23,3874
2025-10-24,1598
2025-10-25,697
2025-10-26,2049
2025-10-27,1643
2025-10-28,1222
2025-10-29,1502
2025-10-30,2051
2025-10-31,4047
2025-11-01,2683
2025-11-02,528
2025-11-03,4997
2025-11-04,3001
2025-11-05,4259
2025-11-06,4580
2025-11-07,4601
2025-11-08,2035
2025-11-09,3282
2025-11-10,4323
2025-11-11,2266
2025-11-12,1134
2025-11-13,2040
2025-11-14,3909
2025-11-15,3649
2025-11-16,4270
2025-11-17,1732
2025-11-18,2079
2025-11-19,2294
2025-11-20,3025
2025-11-21,2401
2025-11-22,4391
2025-11-23,4254
2025-11-24,1112
2025-11-25,1853
2025-11-26,1706
2025-11-27,1106
2025-11-28,4502
2025-11-29,2269
2025-11-30,2458
2025-12-01,919
2025-12-02,3669
2025-12-03,3568
2025-12-04,1218
2025-12-05,4367
2025-12-06,1336
2025-12-07,1068
2025-12-08,3543
2025-12-09,4946
2025-12-10,1513
2025-12-11,3764
2025-12-12,1913
2025-12-13,4203
2025-12-14,2259
2025-12-15,1539
2025-12-16,3624
2025-12-17,4179
2025-12-18,2071
2025-12-19,3647
2025-12-20,3456
2025-12-21,3758
2025-12-22,3159
2025-12-23,4432
2025-12-24,1761
2025-12-25,1778
2025-12-26,1120
2025-12-27,1226
2025-12-28,4518
2025-12-29,1779
2025-12-30,768
2025-12-31,1873
2026-01-01,2327
2026-01-02,4206
2026-01-03,2889
2026-01-04,2267
2026-01-05,4984
2026-01-06,1955
2026-01-07,875
2026-01-08,2379
2026-01-09,1271
2026-01-10,4080
2026-01-11,1088
2026-01-12,4562
2026-01-13,2604
2026-01-14,4451
2026-01-15,4416
2026-01-16,3204
2026-01-17,3690
2026-01-18,2323
2026-01-19,4354
2026-01-20,1313
2026-01-21,4231
2026-01-22,2038
2026-01-23,2736
2026-01-24,2182
2026-01-25,4672
2026-01-26,1802
2026-01-27,3350
2026-01-28,2635
2026-01-29,812
2026-01-30,2492
2026-01-31,4489
2026-02-01,2473
2026-02-02,1909
2026-02-03,2095
2026-02-04,3965
2026-02-05,574
2026-02-06,704
2026-02-07,3101
2026-02-08,4397
2026-02-09,2147
2026-02-10,3043
2026-02-11,4236
2026-02-12,1114
2026-02-13,4514
2026-02-14,4164
2026-02-15,4342
2026-02-16,3586
2026-02-17,1759
2026-02-18,3282
2026-02-19,681
2026-02-20,2142
2026-02-21,3461
2026-02-22,1058
2026-02-23,1216
2026-02-24,2102
2026-02-25,4668
2026-02-26,861
2026-02-27,538
2026-02-28,3986
2026-03-01,770
2026-03-02,2795
2026-03-03,2666
2026-03-04,1309
2026-03-05,2619
2026-03-06,2530
2026-03-07,3870
2026-03-08,1108
2026-03-09,3007
2026-03-10,1870
2026-03-11,4250
2026-03-12,2038
2026-03-13,2411
2026-03-14,633
2026-03-15,3547
2026-03-16,3604
2026-03-17,4177
2026-03-18,663
2026-03-19,3353
2026-03-20,903
2026-03-21,2845
2026-03-22,4998
2026-03-23,3469
2026-03-24,963
2026-03-25,657
2026-03-26,3783
2026-03-27,1871
2026-03-28,2413
2026-03-29,4403
2026-03-30,687
2026-03-31,1231
2026-04-01,2916
2026-04-02,2366
2026-04-03,3710
2026-04-04,998
2026-04-05,4951
2026-04-06,4828
2026-04-07,854
2026-04-08,575
2026-04-09,1448
2026-04-10,3091
2026-04-11,1920
2026-04-12,3885
2026-04-13,4719
2026-04-14,611
2026-04-15,717
2026-04-16,1188
2026-04-17,2932
2026-04-18,3274
2026-04-19,564
2026-04-20,1867
2026-04-21,2355
2026-04-22,3373
2026-04-23,2968
2026-04-24,884
2026-04-25,3396
2026-04-26,799
2026-04-27,671
2026-04-28,915
2026-04-29,766
2026-04-30,2104
2026-05-01,4160
2026-05-02,3467
2026-05-03,4017
2026-05-04,3552
2026-05-05,1554
2026-05-06,4333
2026-05-07,2421
2026-05-08,4045
2026-05-09,1691
2026-05-10,2207
2026-05-11,4105
2026-05-12,3898
2026-05-13,4285
2026-05-14,1536
2026-05-15,3788
2026-05-16,1846
2026-05-17,2944
2026-05-18,1778
2026-05-19,976
2026-05-20,4069
2026-05-21,843
2026-05-22,4172
2026-05-23,1202
2026-05-24,596
2026-05-25,4290
2026-05-26,3078
