date,rainfall_mm
2016-05-26,28.8
2016-05-27,73.9
2016-05-28,26.0
2016-05-29,99.3
2016-05-30,45.8
2016-05-31,59.7
2016-06-01,32.7
2016-06-02,11.8
2016-06-03,67.3
2016-06-04,51.5
2016-06-05,24.7
2016-06-06,13.8
2016-06-07,73.6
2016-06-08,1.3
2016-06-09,59.1
2016-06-10,16.7
2016-06-11,31.9
2016-06-12,79.0
2016-06-13,71.3
2016-06-14,46.2
2016-06-15,94.2
2016-06-16,44.4
2016-06-17,67.7
2016-06-18,60.6
2016-06-19,38.6
2016-06-20,92.7
2016-06-21,103.9
2016-06-22,27.5
2016-06-23,60.3
2016-06-24,87.0
2016-06-25,79.4
2016-06-26,21.6
2016-06-27,9.2
2016-06-28,61.9
2016-06-29,22.2
2016-06-30,103.4
2016-07-01,105.7
2016-07-02,108.1
2016-07-03,25.7
2016-07-04,112.2
2016-07-05,99.2
2016-07-06,100.7
2016-07-07,91.4
2016-07-08,52.2
2016-07-09,37.9
2016-07-10,48.2
2016-07-11,116.1
2016-07-12,26.0
2016-07-13,3.5
2016-07-14,116.1
2016-07-15,14.3
2016-07-16,48.4
2016-07-17,57.0
2016-07-18,55.6
2016-07-19,20.7
2016-07-20,74.1
2016-07-21,99.7
2016-07-22,63.5
2016-07-23,16.5
2016-07-24,68.3
2016-07-25,60.3
2016-07-26,76.4
2016-07-27,86.4
2016-07-28,79.0
2016-07-29,36.4
2016-07-30,0.5
2016-07-31,16.1
2016-08-01,67.4
2016-08-02,30.6
2016-08-03,116.1
2016-08-04,42.0
2016-08-05,80.8
2016-08-06,81.3
2016-08-07,55.9
2016-08-08,118.2
2016-08-09,23.8
2016-08-10,17.5
2016-08-11,22.3
2016-08-12,93.9
2016-08-13,43.0
2016-08-14,2.7
2016-08-15,15.7
2016-08-16,78.4
2016-08-17,63.2
2016-08-18,53.8
2016-08-19,16.9
2016-08-20,82.1
2016-08-21,6.8
2016-08-22,96.6
2016-08-23,11.7
2016-08-24,6.8
2016-08-25,90.4
2016-08-26,55.4
2016-08-27,110.3
2016-08-28,89.4
2016-08-29,39.4
2016-08-30,35.2
2016-08-31,64.0
2016-09-01,3.6
2016-09-02,69.3
2016-09-03,76.7
2016-09-04,62.7
2016-09-05,87.8
2016-09-06,12.1
2016-09-07,119.5
2016-09-08,80.0
2016-09-09,7.0
2016-09-10,112.4
2016-09-11,38.0
2016-09-12,31.9
2016-09-13,106.6
2016-09-14,75.6
2016-09-15,49.0
2016-09-16,28.8
2016-09-17,111.9
2016-09-18,81.8
2016-09-19,109.3
2016-09-20,73.8
2016-09-21,65.0
2016-09-22,83.0
2016-09-23,87.5
2016-09-24,81.2
2016-09-25,43.1
2016-09-26,67.4
2016-09-27,71.9
2016-09-28,92.5
2016-09-29,110.7
2016-09-30,93.5
2016-10-01,55.7
2016-10-02,98.0
2016-10-03,108.9
2016-10-04,40.0
2016-10-05,56.2
2016-10-06,82.0
2016-10-07,8.3
2016-10-08,58.5
2016-10-09,96.1
2016-10-10,39.0
2016-10-11,13.7
2016-10-12,40.6
2016-10-13,118.9
2016-10-14,5.1
2016-10-15,42.8
2016-10-16,68.5
2016-10-17,37.4
2016-10-18,15.2
2016-10-19,53.7
2016-10-20,15.9
2016-10-21,2.4
2016-10-22,86.4
2016-10-23,67.0
2016-10-24,20.5
2016-10-25,73.5
2016-10-26,5.7
2016-10-27,3.8
2016-10-28,96.7
2016-10-29,75.7
2016-10-30,14.3
2016-10-31,49.9
2016-11-01,63.1
2016-11-02,74.0
2016-11-03,47.4
2016-11-04,26.6
2016-11-05,114.0
2016-11-06,18.1
2016-11-07,69.6
2016-11-08,110.7
2016-11-09,97.1
2016-11-10,117.0
2016-11-11,103.1
2016-11-12,41.6
2016-11-13,54.9
2016-11-14,51.3
2016-11-15,64.2
2016-11-16,33.0
2016-11-17,59.7
2016-11-18,15.0
2016-11-19,54.8
2016-11-20,115.0
2016-11-21,39.9
2016-11-22,85.8
2016-11-23,33.0
2016-11-24,46.9
2016-11-25,20.0
2016-11-26,58.9
2016-11-27,17.0
2016-11-28,93.6
2016-11-29,31.2
2016-11-30,59.7
2016-12-01,54.1
2016-12-02,111.0
2016-12-03,54.8
2016-12-04,37.6
2016-12-05,98.0
2016-12-06,57.2
2016-12-07,79.6
2016-12-08,19.1
2016-12-09,79.3
2016-12-10,37.4
2016-12-11,91.3
2016-12-12,114.5
2016-12-13,34.1
2016-12-14,106.9
2016-12-15,115.0
2016-12-16,71.3
2016-12-17,43.1
2016-12-18,98.7
2016-12-19,76.2
2016-12-20,26.2
2016-12-21,94.0
2016-12-22,81.8
2016-12-23,32.4
2016-12-24,47.1
2016-12-25,53.9
2016-12-26,100.8
2016-12-27,55.7
2016-12-28,18.1
2016-12-29,95.7
2016-12-30,46.0
2016-12-31,114.2
2017-01-01,11.1
2017-01-02,76.1
2017-01-03,58.8
2017-01-04,83.8
2017-01-05,84.9
2017-01-06,40.3
2017-01-07,26.7
2017-01-08,66.0
2017-01-09,63.9
2017-01-10,70.5
2017-01-11,57.6
2017-01-12,61.2
2017-01-13,56.8
2017-01-14,81.1
2017-01-15,83.7
2017-01-16,0.7
2017-01-17,84.5
2017-01-18,30.4
2017-01-19,89.1
2017-01-20,58.4
2017-01-21,93.5
2017-01-22,0.2
2017-01-23,89.8
2017-01-24,1.5
2017-01-25,93.5
2017-01-26,27.7
2017-01-27,12.6
2017-01-28,100.2
2017-01-29,84.5
2017-01-30,8.6
2017-01-31,113.4
2017-02-01,73.2
2017-02-02,63.2
2017-02-03,9.6
2017-02-04,85.9
2017-02-05,103.2
2017-02-06,98.6
2017-02-07,63.5
2017-02-08,32.5
2017-02-09,36.0
2017-02-10,31.7
2017-02-11,83.1
2017-02-12,117.8
2017-02-13,64.8
2017-02-14,58.2
2017-02-15,35.4
2017-02-16,49.6
2017-02-17,33.6
2017-02-18,23.7
2017-02-19,38.0
2017-02-20,47.9
2017-02-21,8.9
2017-02-22,49.7
2017-02-23,22.9
2017-02-24,85.9
2017-02-25,34.4
2017-02-26,58.3
2017-02-27,90.9
2017-02-28,74.8
2017-03-01,31.5
2017-03-02,84.5
2017-03-03,31.8
2017-03-04,8.2
2017-03-05,66.2
2017-03-06,102.7
2017-03-07,82.7
2017-03-08,6.1
2017-03-09,63.2
2017-03-10,55.5
2017-03-11,62.7
2017-03-12,111.3
2017-03-13,88.8
2017-03-14,34.5
2017-03-15,25.2
2017-03-16,18.8
2017-03-17,52.9
2017-03-18,20.4
2017-03-19,36.3
2017-03-20,111.8
2017-03-21,6.3
2017-03-22,105.0
2017-03-23,73.5
2017-03-24,41.6
2017-03-25,33.7
2017-03-26,38.4
2017-03-27,39.8
2017-03-28,1.8
2017-03-29,91.8
2017-03-30,61.9
2017-03-31,27.0
2017-04-01,31.7
2017-04-02,76.3
2017-04-03,53.3
2017-04-04,114.0
2017-04-05,71.1
2017-04-06,88.0
2017-04-07,81.9
2017-04-08,52.2
2017-04-09,80.9
2017-04-10,47.3
2017-04-11,59.0
2017-04-12,38.0
2017-04-13,44.1
2017-04-14,80.1
2017-04-15,35.3
2017-04-16,20.2
2017-04-17,64.4
2017-04-18,19.7
2017-04-19,118.3
2017-04-20,44.9
2017-04-21,14.5
2017-04-22,6.8
2017-04-23,47.9
2017-04-24,15.4
2017-04-25,29.1
2017-04-26,84.8
2017-04-27,14.2
2017-04-28,80.1
2017-04-29,31.0
2017-04-30,107.9
2017-05-01,50.3
2017-05-02,90.1
2017-05-03,34.7
2017-05-04,16.0
2017-05-05,8.4
2017-05-06,82.6
2017-05-07,79.3
2017-05-08,53.3
2017-05-09,42.1
2017-05-10,13.3
2017-05-11,42.7
2017-05-12,75.1
2017-05-13,90.4
2017-05-14,84.6
2017-05-15,47.6
2017-05-16,58.1
2017-05-17,24.7
2017-05-18,52.5
2017-05-19,106.0
2017-05-20,90.1
2017-05-21,99.5
2017-05-22,110.9
2017-05-23,62.6
2017-05-24,57.2
2017-05-25,96.1
2017-05-26,72.5
2017-05-27,77.8
2017-05-28,90.0
2017-05-29,3.4
2017-05-30,47.8
2017-05-31,80.7
2017-06-01,95.6
2017-06-02,67.2
2017-06-03,103.9
2017-06-04,65.0
2017-06-05,90.7
2017-06-06,21.3
2017-06-07,110.1
2017-06-08,86.3
2017-06-09,115.0
2017-06-10,60.8
2017-06-11,14.0
2017-06-12,76.1
2017-06-13,118.9
2017-06-14,1.8
2017-06-15,117.8
2017-06-16,34.9
2017-06-17,71.2
2017-06-18,3.0
2017-06-19,48.8
2017-06-20,77.0
2017-06-21,54.6
2017-06-22,78.5
2017-06-23,69.3
2017-06-24,70.4
2017-06-25,4.3
2017-06-26,15.6
2017-06-27,113.9
2017-06-28,100.4
2017-06-29,67.8
2017-06-30,110.5
2017-07-01,86.0
2017-07-02,91.2
2017-07-03,24.5
2017-07-04,70.1
2017-07-05,85.9
2017-07-06,40.6
2017-07-07,104.2
2017-07-08,94.5
2017-07-09,98.5
2017-07-10,16.5
2017-07-11,39.8
2017-07-12,31.2
2017-07-13,51.8
2017-07-14,95.0
2017-07-15,17.1
2017-07-16,33.9
2017-07-17,63.0
2017-07-18,60.9
2017-07-19,92.3
2017-07-20,100.3
2017-07-21,108.0
2017-07-22,46.3
2017-07-23,98.5
2017-07-24,26.3
2017-07-25,73.8
2017-07-26,110.0
2017-07-27,12.9
2017-07-28,18.0
2017-07-29,36.9
2017-07-30,24.2
2017-07-31,98.4
2017-08-01,52.0
2017-08-02,18.6
2017-08-03,108.3
2017-08-04,68.6
2017-08-05,52.6
2017-08-06,34.1
2017-08-07,83.0
2017-08-08,87.3
2017-08-09,54.8
2017-08-10,36.8
2017-08-11,44.8
2017-08-12,75.0
2017-08-13,85.3
2017-08-14,64.1
2017-08-15,45.4
2017-08-16,85.3
2017-08-17,108.4
2017-08-18,51.1
2017-08-19,73.0
2017-08-20,41.7
2017-08-21,78.3
2017-08-22,7.3
2017-08-23,66.9
2017-08-24,13.2
2017-08-25,90.6
2017-08-26,61.4
2017-08-27,82.4
2017-08-28,113.8
2017-08-29,66.9
2017-08-30,77.5
2017-08-31,117.2
2017-09-01,47.0
2017-09-02,51.8
2017-09-03,102.8
2017-09-04,57.4
2017-09-05,89.4
2017-09-06,104.2
2017-09-07,87.0
2017-09-08,89.9
2017-09-09,7.7
2017-09-10,61.9
2017-09-11,117.4
2017-09-12,50.6
2017-09-13,48.4
2017-09-14,59.0
2017-09-15,68.3
2017-09-16,111.9
2017-09-17,13.6
2017-09-18,58.4
2017-09-19,75.7
2017-09-20,5.0
2017-09-21,91.1
2017-09-22,77.2
2017-09-23,97.8
2017-09-24,64.1
2017-09-25,70.0
2017-09-26,33.0
2017-09-27,106.4
2017-09-28,68.3
2017-09-29,83.4
2017-09-30,12.2
2017-10-01,47.9
2017-10-02,33.7
2017-10-03,99.9
2017-10-04,12.7
2017-10-05,90.5
2017-10-06,70.7
2017-10-07,80.4
2017-10-08,25.7
2017-10-09,33.6
2017-10-10,95.2
2017-10-11,69.7
2017-10-12,85.5
2017-10-13,77.9
2017-10-14,71.1
2017-10-15,11.0
2017-10-16,29.7
2017-10-17,19.0
2017-10-18,89.5
2017-10-19,88.6
2017-10-20,49.9
2017-10-21,94.2
2017-10-22,76.3
2017-10-23,9.7
2017-10-24,81.5
2017-10-25,9.9
2017-10-26,67.8
2017-10-27,65.9
2017-10-28,42.2
2017-10-29,74.7
2017-10-30,4.8
2017-10-31,63.9
2017-11-01,46.0
2017-11-02,112.5
2017-11-03,10.2
2017-11-04,118.5
2017-11-05,56.4
2017-11-06,114.3
2017-11-07,37.6
2017-11-08,76.9
2017-11-09,16.1
2017-11-10,43.7
2017-11-11,58.5
2017-11-12,68.2
2017-11-13,111.4
2017-11-14,25.8
2017-11-15,80.8
2017-11-16,40.6
2017-11-17,71.9
2017-11-18,4.3
2017-11-19,52.0
2017-11-20,38.8
2017-11-21,80.7
2017-11-22,108.2
2017-11-23,72.9
2017-11-24,108.7
2017-11-25,117.8
2017-11-26,64.9
2017-11-27,63.9
2017-11-28,43.4
2017-11-29,83.7
2017-11-30,119.9
2017-12-01,57.0
2017-12-02,84.9
2017-12-03,87.3
2017-12-04,29.8
2017-12-05,15.4
2017-12-06,77.1
2017-12-07,22.7
2017-12-08,58.8
2017-12-09,29.9
2017-12-10,32.3
2017-12-11,100.9
2017-12-12,76.3
2017-12-13,39.6
2017-12-14,37.1
2017-12-15,84.9
2017-12-16,85.7
2017-12-17,70.9
2017-12-18,118.1
2017-12-19,11.7
2017-12-20,49.6
2017-12-21,54.7
2017-12-22,87.7
2017-12-23,47.9
2017-12-24,68.5
2017-12-25,97.6
2017-12-26,69.4
2017-12-27,14.8
2017-12-28,105.1
2017-12-29,90.0
2017-12-30,25.5
2017-12-31,17.6
2018-01-01,38.6
2018-01-02,39.1
2018-01-03,102.3
2018-01-04,16.9
2018-01-05,114.6
2018-01-06,17.5
2018-01-07,117.0
2018-01-08,87.6
2018-01-09,97.4
2018-01-10,103.7
2018-01-11,68.8
2018-01-12,28.9
2018-01-13,97.4
2018-01-14,118.5
2018-01-15,63.3
2018-01-16,70.8
2018-01-17,102.9
2018-01-18,44.1
2018-01-19,27.7
2018-01-20,3.8
2018-01-21,68.1
2018-01-22,72.0
2018-01-23,94.2
2018-01-24,90.6
2018-01-25,46.8
2018-01-26,71.7
2018-01-27,3.3
2018-01-28,110.6
2018-01-29,43.9
2018-01-30,81.8
2018-01-31,118.6
2018-02-01,67.9
2018-02-02,105.6
2018-02-03,60.9
2018-02-04,97.9
2018-02-05,90.9
2018-02-06,111.8
2018-02-07,109.7
2018-02-08,0.9
2018-02-09,43.4
2018-02-10,97.5
2018-02-11,54.7
2018-02-12,12.3
2018-02-13,113.0
2018-02-14,98.1
2018-02-15,49.6
2018-02-16,119.9
2018-02-17,75.8
2018-02-18,71.6
2018-02-19,88.3
2018-02-20,56.8
2018-02-21,78.9
2018-02-22,6.4
2018-02-23,3.2
2018-02-24,95.4
2018-02-25,23.1
2018-02-26,43.1
2018-02-27,23.5
2018-02-28,85.8
2018-03-01,29.8
2018-03-02,27.0
2018-03-03,107.3
2018-03-04,29.0
2018-03-05,87.7
2018-03-06,11.9
2018-03-07,35.0
2018-03-08,49.5
2018-03-09,8.1
2018-03-10,103.1
2018-03-11,2.8
2018-03-12,76.7
2018-03-13,59.9
2018-03-14,25.7
2018-03-15,70.8
2018-03-16,102.1
2018-03-17,8.2
2018-03-18,64.2
2018-03-19,60.0
2018-03-20,86.6
2018-03-21,59.5
2018-03-22,91.8
2018-03-23,84.8
2018-03-24,104.7
2018-03-25,102.5
2018-03-26,25.8
2018-03-27,46.6
2018-03-28,75.9
2018-03-29,9.7
2018-03-30,81.6
2018-03-31,117.2
2018-04-01,36.1
2018-04-02,80.9
2018-04-03,35.5
2018-04-04,111.6
2018-04-05,73.0
2018-04-06,14.9
2018-04-07,114.0
2018-04-08,96.3
2018-04-09,59.0
2018-04-10,30.8
2018-04-11,116.5
2018-04-12,61.2
2018-04-13,101.5
2018-04-14,35.6
2018-04-15,7.3
2018-04-16,91.3
2018-04-17,73.4
2018-04-18,2.5
2018-04-19,35.6
2018-04-20,92.9
2018-04-21,10.2
2018-04-22,117.2
2018-04-23,5.8
2018-04-24,78.7
2018-04-25,116.2
2018-04-26,22.2
2018-04-27,21.2
2018-04-28,17.4
2018-04-29,22.2
2018-04-30,28.0
2018-05-01,116.3
2018-05-02,41.9
2018-05-03,58.6
2018-05-04,77.4
2018-05-05,88.7
2018-05-06,106.2
2018-05-07,75.6
2018-05-08,107.4
2018-05-09,96.4
2018-05-10,6.1
2018-05-11,19.2
2018-05-12,107.5
2018-05-13,99.6
2018-05-14,53.3
2018-05-15,48.4
2018-05-16,5.2
2018-05-17,33.9
2018-05-18,78.1
2018-05-19,8.8
2018-05-20,52.2
2018-05-21,56.2
2018-05-22,13.5
2018-05-23,64.9
2018-05-24,20.7
2018-05-25,104.4
2018-05-26,69.0
2018-05-27,19.1
2018-05-28,42.6
2018-05-29,3.0
2018-05-30,56.8
2018-05-31,89.9
2018-06-01,27.8
2018-06-02,18.9
2018-06-03,112.4
2018-06-04,88.3
2018-06-05,38.7
2018-06-06,4.3
2018-06-07,28.4
2018-06-08,96.7
2018-06-09,86.9
2018-06-10,37.8
2018-06-11,119.3
2018-06-12,94.6
2018-06-13,102.3
2018-06-14,38.2
2018-06-15,31.9
2018-06-16,47.3
2018-06-17,43.0
2018-06-18,112.8
2018-06-19,56.4
2018-06-20,76.0
2018-06-21,48.9
2018-06-22,51.1
2018-06-23,102.7
2018-06-24,2.2
2018-06-25,56.6
2018-06-26,30.0
2018-06-27,64.0
2018-06-28,5.7
2018-06-29,32.4
2018-06-30,1.9
2018-07-01,42.5
2018-07-02,71.1
2018-07-03,55.0
2018-07-04,91.4
2018-07-05,52.2
2018-07-06,54.4
2018-07-07,47.9
2018-07-08,50.7
2018-07-09,45.0
2018-07-10,89.0
2018-07-11,91.9
2018-07-12,61.2
2018-07-13,101.7
2018-07-14,71.5
2018-07-15,95.9
2018-07-16,51.2
2018-07-17,95.7
2018-07-18,33.6
2018-07-19,3.9
2018-07-20,20.0
2018-07-21,86.8
2018-07-22,18.3
2018-07-23,35.6
2018-07-24,37.7
2018-07-25,48.9
2018-07-26,93.6
2018-07-27,26.6
2018-07-28,41.9
2018-07-29,27.9
2018-07-30,75.2
2018-07-31,101.2
2018-08-01,86.4
2018-08-02,51.8
2018-08-03,91.3
2018-08-04,93.8
2018-08-05,78.5
2018-08-06,13.0
2018-08-07,89.7
2018-08-08,105.3
2018-08-09,70.1
2018-08-10,16.1
2018-08-11,56.6
2018-08-12,42.8
2018-08-13,58.0
2018-08-14,95.2
2018-08-15,28.8
2018-08-16,113.1
2018-08-17,65.9
2018-08-18,77.6
2018-08-19,104.8
2018-08-20,104.7
2018-08-21,50.8
2018-08-22,64.8
2018-08-23,52.2
2018-08-24,107.4
2018-08-25,40.2
2018-08-26,84.9
2018-08-27,84.4
2018-08-28,98.7
2018-08-29,110.4
2018-08-30,103.0
2018-08-31,19.1
2018-09-01,66.7
2018-09-02,109.5
2018-09-03,32.9
2018-09-04,10.3
2018-09-05,57.8
2018-09-06,82.7
2018-09-07,28.2
2018-09-08,87.7
2018-09-09,61.8
2018-09-10,14.6
2018-09-11,4.5
2018-09-12,57.2
2018-09-13,82.1
2018-09-14,20.1
2018-09-15,115.7
2018-09-16,33.7
2018-09-17,45.5
2018-09-18,111.3
2018-09-19,80.4
2018-09-20,35.6
2018-09-21,108.4
2018-09-22,60.3
2018-09-23,8.4
2018-09-24,91.6
2018-09-25,39.4
2018-09-26,57.4
2018-09-27,91.4
2018-09-28,60.3
2018-09-29,75.4
2018-09-30,66.9
2018-10-01,57.8
2018-10-02,49.0
2018-10-03,21.7
2018-10-04,50.6
2018-10-05,50.2
2018-10-06,80.4
2018-10-07,98.3
2018-10-08,56.4
2018-10-09,48.7
2018-10-10,94.5
2018-10-11,21.3
2018-10-12,25.1
2018-10-13,81.8
2018-10-14,44.5
2018-10-15,12.6
2018-10-16,51.4
2018-10-17,27.0
2018-10-18,34.6
2018-10-19,39.9
2018-10-20,9.7
2018-10-21,90.3
2018-10-22,31.9
2018-10-23,68.2
2018-10-24,30.1
2018-10-25,31.3
2018-10-26,56.5
2018-10-27,79.5
2018-10-28,4.5
2018-10-29,46.0
2018-10-30,98.1
2018-10-31,104.6
2018-11-01,20.4
2018-11-02,17.8
2018-11-03,43.6
2018-11-04,9.6
2018-11-05,75.5
2018-11-06,53.0
2018-11-07,100.2
2018-11-08,55.6
2018-11-09,60.7
2018-11-10,79.5
2018-11-11,54.6
2018-11-12,27.6
2018-11-13,86.4
2018-11-14,82.4
2018-11-15,27.9
2018-11-16,53.7
2018-11-17,105.1
2018-11-18,118.7
2018-11-19,9.2
2018-11-20,118.7
2018-11-21,20.2
2018-11-22,44.0
2018-11-23,55.0
2018-11-24,43.3
2018-11-25,5.3
2018-11-26,47.6
2018-11-27,79.9
2018-11-28,13.6
2018-11-29,60.3
2018-11-30,62.2
2018-12-01,119.5
2018-12-02,116.4
2018-12-03,35.4
2018-12-04,106.7
2018-12-05,100.0
2018-12-06,57.6
2018-12-07,74.2
2018-12-08,4.2
2018-12-09,23.5
2018-12-10,71.9
2018-12-11,44.0
2018-12-12,113.6
2018-12-13,91.6
2018-12-14,25.8
2018-12-15,119.4
2018-12-16,116.7
2018-12-17,75.1
2018-12-18,19.1
2018-12-19,18.4
2018-12-20,113.0
2018-12-21,41.5
2018-12-22,86.8
2018-12-23,85.0
2018-12-24,13.9
2018-12-25,72.7
2018-12-26,6.2
2018-12-27,66.7
2018-12-28,95.1
2018-12-29,16.2
2018-12-30,44.2
2018-12-31,38.9
2019-01-01,14.4
2019-01-02,28.2
2019-01-03,108.9
2019-01-04,14.7
2019-01-05,116.7
2019-01-06,97.3
2019-01-07,13.0
2019-01-08,104.9
2019-01-09,110.8
2019-01-10,67.7
2019-01-11,8.3
2019-01-12,45.0
2019-01-13,17.3
2019-01-14,54.3
2019-01-15,54.5
2019-01-16,117.6
2019-01-17,62.1
2019-01-18,78.2
2019-01-19,84.4
2019-01-20,0.8
2019-01-21,102.6
2019-01-22,108.6
2019-01-23,85.4
2019-01-24,56.9
2019-01-25,50.0
2019-01-26,89.1
2019-01-27,69.5
2019-01-28,1.6
2019-01-29,19.2
2019-01-30,35.7
2019-01-31,39.9
2019-02-01,47.8
2019-02-02,116.9
2019-02-03,111.0
2019-02-04,35.3
2019-02-05,61.3
2019-02-06,56.2
2019-02-07,48.1
2019-02-08,116.2
2019-02-09,111.7
2019-02-10,7.9
2019-02-11,69.5
2019-02-12,63.9
2019-02-13,93.0
2019-02-14,108.1
2019-02-15,38.2
2019-02-16,38.4
2019-02-17,116.4
2019-02-18,67.7
2019-02-19,78.2
2019-02-20,46.1
2019-02-21,66.6
2019-02-22,25.9
2019-02-23,40.9
2019-02-24,103.6
2019-02-25,82.0
2019-02-26,113.6
2019-02-27,9.1
2019-02-28,72.4
2019-03-01,27.9
2019-03-02,13.9
2019-03-03,80.3
2019-03-04,50.1
2019-03-05,77.3
2019-03-06,54.9
2019-03-07,62.0
2019-03-08,9.6
2019-03-09,78.6
2019-03-10,72.3
2019-03-11,62.7
2019-03-12,101.7
2019-03-13,94.5
2019-03-14,106.9
2019-03-15,51.8
2019-03-16,4.0
2019-03-17,6.2
2019-03-18,106.4
2019-03-19,78.6
2019-03-20,74.8
2019-03-21,104.4
2019-03-22,13.7
2019-03-23,117.7
2019-03-24,87.6
2019-03-25,101.3
2019-03-26,113.8
2019-03-27,41.8
2019-03-28,74.7
2019-03-29,38.4
2019-03-30,42.5
2019-03-31,25.3
2019-04-01,119.6
2019-04-02,78.6
2019-04-03,18.0
2019-04-04,62.1
2019-04-05,59.3
2019-04-06,67.9
2019-04-07,68.8
2019-04-08,95.0
2019-04-09,77.4
2019-04-10,17.5
2019-04-11,63.6
2019-04-12,87.3
2019-04-13,6.1
2019-04-14,46.8
2019-04-15,72.8
2019-04-16,107.3
2019-04-17,33.2
2019-04-18,97.6
2019-04-19,77.6
2019-04-20,42.9
2019-04-21,118.5
2019-04-22,113.2
2019-04-23,14.9
2019-04-24,18.4
2019-04-25,4.5
2019-04-26,64.3
2019-04-27,1.4
2019-04-28,19.6
2019-04-29,54.3
2019-04-30,36.2
2019-05-01,29.2
2019-05-02,8.4
2019-05-03,97.3
2019-05-04,72.2
2019-05-05,114.4
2019-05-06,102.3
2019-05-07,25.3
2019-05-08,23.3
2019-05-09,85.1
2019-05-10,103.4
2019-05-11,95.1
2019-05-12,97.8
2019-05-13,38.9
2019-05-14,43.5
2019-05-15,41.4
2019-05-16,43.9
2019-05-17,37.8
2019-05-18,4.8
2019-05-19,28.5
2019-05-20,14.2
2019-05-21,68.8
2019-05-22,63.7
2019-05-23,99.4
2019-05-24,35.2
2019-05-25,8.7
2019-05-26,71.0
2019-05-27,19.4
2019-05-28,46.8
2019-05-29,119.5
2019-05-30,47.4
2019-05-31,55.7
2019-06-01,17.6
2019-06-02,115.6
2019-06-03,41.2
2019-06-04,100.8
2019-06-05,62.8
2019-06-06,24.6
2019-06-07,31.3
2019-06-08,3.8
2019-06-09,86.1
2019-06-10,57.7
2019-06-11,41.8
2019-06-12,61.3
2019-06-13,8.3
2019-06-14,1.6
2019-06-15,91.5
2019-06-16,102.0
2019-06-17,96.0
2019-06-18,42.2
2019-06-19,41.4
2019-06-20,64.4
2019-06-21,76.4
2019-06-22,7.4
2019-06-23,37.2
2019-06-24,22.6
2019-06-25,19.3
2019-06-26,56.7
2019-06-27,86.5
2019-06-28,32.8
2019-06-29,82.6
2019-06-30,94.0
2019-07-01,25.7
2019-07-02,22.9
2019-07-03,41.4
2019-07-04,88.5
2019-07-05,66.2
2019-07-06,69.0
2019-07-07,13.1
2019-07-08,36.2
2019-07-09,84.6
2019-07-10,16.7
2019-07-11,58.5
2019-07-12,10.1
2019-07-13,12.1
2019-07-14,12.8
2019-07-15,98.9
2019-07-16,18.6
2019-07-17,22.1
2019-07-18,68.8
2019-07-19,87.3
2019-07-20,110.5
2019-07-21,60.9
2019-07-22,17.1
2019-07-23,114.2
2019-07-24,73.1
2019-07-25,98.3
2019-07-26,29.1
2019-07-27,69.7
2019-07-28,53.1
2019-07-29,69.1
2019-07-30,37.5
2019-07-31,22.8
2019-08-01,112.0
2019-08-02,39.3
2019-08-03,54.0
2019-08-04,26.9
2019-08-05,20.3
2019-08-06,14.9
2019-08-07,83.8
2019-08-08,12.5
2019-08-09,16.3
2019-08-10,86.4
2019-08-11,58.6
2019-08-12,27.8
2019-08-13,118.8
2019-08-14,89.6
2019-08-15,98.3
2019-08-16,110.9
2019-08-17,86.0
2019-08-18,70.3
2019-08-19,58.9
2019-08-20,57.8
2019-08-21,8.8
2019-08-22,105.7
2019-08-23,67.3
2019-08-24,55.9
2019-08-25,42.1
2019-08-26,1.6
2019-08-27,45.7
2019-08-28,15.6
2019-08-29,116.5
2019-08-30,60.8
2019-08-31,6.2
2019-09-01,9.6
2019-09-02,67.7
2019-09-03,5.4
2019-09-04,22.5
2019-09-05,72.8
2019-09-06,16.6
2019-09-07,16.3
2019-09-08,74.8
2019-09-09,33.4
2019-09-10,88.8
2019-09-11,40.1
2019-09-12,36.4
2019-09-13,70.6
2019-09-14,37.0
2019-09-15,19.8
2019-09-16,11.5
2019-09-17,29.3
2019-09-18,37.8
2019-09-19,30.1
2019-09-20,18.7
2019-09-21,76.1
2019-09-22,68.2
2019-09-23,25.5
2019-09-24,109.6
2019-09-25,69.2
2019-09-26,10.5
2019-09-27,7.9
2019-09-28,75.1
2019-09-29,59.3
2019-09-30,22.4
2019-10-01,77.3
2019-10-02,31.6
2019-10-03,103.1
2019-10-04,42.8
2019-10-05,29.7
2019-10-06,21.1
2019-10-07,9.1
2019-10-08,2.3
2019-10-09,20.9
2019-10-10,56.4
2019-10-11,0.6
2019-10-12,33.5
2019-10-13,107.5
2019-10-14,19.5
2019-10-15,31.3
2019-10-16,91.0
2019-10-17,33.7
2019-10-18,81.2
2019-10-19,110.1
2019-10-20,92.0
2019-10-21,41.5
2019-10-22,101.9
2019-10-23,105.2
2019-10-24,48.4
2019-10-25,53.4
2019-10-26,7.8
2019-10-27,86.1
2019-10-28,28.4
2019-10-29,2.5
2019-10-30,115.7
2019-10-31,34.0
2019-11-01,75.9
2019-11-02,108.0
2019-11-03,95.6
2019-11-04,6.0
2019-11-05,52.1
2019-11-06,13.6
2019-11-07,4.5
2019-11-08,5.4
2019-11-09,19.5
2019-11-10,50.6
2019-11-11,29.1
2019-11-12,99.4
2019-11-13,109.7
2019-11-14,88.3
2019-11-15,48.6
2019-11-16,43.9
2019-11-17,27.1
2019-11-18,53.8
2019-11-19,44.9
2019-11-20,50.1
2019-11-21,62.5
2019-11-22,50.8
2019-11-23,73.7
2019-11-24,51.1
2019-11-25,45.2
2019-11-26,67.9
2019-11-27,99.1
2019-11-28,26.3
2019-11-29,48.1
2019-11-30,36.7
2019-12-01,86.7
2019-12-02,76.6
2019-12-03,101.0
2019-12-04,89.1
2019-12-05,20.8
2019-12-06,117.1
2019-12-07,23.9
2019-12-08,9.4
2019-12-09,12.0
2019-12-10,51.7
2019-12-11,54.2
2019-12-12,19.8
2019-12-13,113.7
2019-12-14,99.3
2019-12-15,43.6
2019-12-16,103.3
2019-12-17,19.8
2019-12-18,22.3
2019-12-19,20.4
2019-12-20,81.6
2019-12-21,43.6
2019-12-22,75.2
2019-12-23,106.4
2019-12-24,40.8
2019-12-25,10.5
2019-12-26,90.2
2019-12-27,40.8
2019-12-28,110.9
2019-12-29,103.9
2019-12-30,45.3
2019-12-31,48.0
2020-01-01,50.5
2020-01-02,62.9
2020-01-03,70.2
2020-01-04,77.0
2020-01-05,36.9
2020-01-06,92.1
2020-01-07,18.8
2020-01-08,48.6
2020-01-09,80.9
2020-01-10,10.4
2020-01-11,90.7
2020-01-12,56.1
2020-01-13,5.1
2020-01-14,118.2
2020-01-15,85.6
2020-01-16,46.9
2020-01-17,18.2
2020-01-18,10.4
2020-01-19,108.6
2020-01-20,38.3
2020-01-21,24.9
2020-01-22,84.1
2020-01-23,31.3
2020-01-24,50.6
2020-01-25,20.5
2020-01-26,78.0
2020-01-27,81.0
2020-01-28,40.7
2020-01-29,107.2
2020-01-30,2.0
2020-01-31,44.2
2020-02-01,8.1
2020-02-02,47.6
2020-02-03,113.4
2020-02-04,36.8
2020-02-05,33.2
2020-02-06,80.9
2020-02-07,42.6
2020-02-08,56.8
2020-02-09,28.6
2020-02-10,100.3
2020-02-11,98.4
2020-02-12,99.8
2020-02-13,26.1
2020-02-14,87.8
2020-02-15,72.6
2020-02-16,62.4
2020-02-17,84.1
2020-02-18,57.9
2020-02-19,19.0
2020-02-20,45.8
2020-02-21,71.5
2020-02-22,69.6
2020-02-23,115.6
2020-02-24,70.6
2020-02-25,55.3
2020-02-26,74.2
2020-02-27,37.8
2020-02-28,44.4
2020-02-29,4.7
2020-03-01,118.0
2020-03-02,50.4
2020-03-03,32.9
2020-03-04,36.5
2020-03-05,103.3
2020-03-06,97.5
2020-03-07,2.6
2020-03-08,42.2
2020-03-09,101.3
2020-03-10,104.5
2020-03-11,39.5
2020-03-12,32.5
2020-03-13,77.8
2020-03-14,78.7
2020-03-15,102.5
2020-03-16,31.8
2020-03-17,42.6
2020-03-18,104.1
2020-03-19,95.9
2020-03-20,102.2
2020-03-21,82.3
2020-03-22,70.8
2020-03-23,27.5
2020-03-24,4.8
2020-03-25,59.6
2020-03-26,90.6
2020-03-27,11.0
2020-03-28,118.5
2020-03-29,14.6
2020-03-30,73.3
2020-03-31,77.2
2020-04-01,17.7
2020-04-02,70.6
2020-04-03,102.2
2020-04-04,86.0
2020-04-05,56.4
2020-04-06,107.0
2020-04-07,96.4
2020-04-08,59.7
2020-04-09,100.8
2020-04-10,55.3
2020-04-11,32.6
2020-04-12,80.5
2020-04-13,65.2
2020-04-14,93.7
2020-04-15,93.5
2020-04-16,106.1
2020-04-17,31.0
2020-04-18,98.4
2020-04-19,109.0
2020-04-20,57.5
2020-04-21,81.0
2020-04-22,2.2
2020-04-23,24.0
2020-04-24,93.3
2020-04-25,113.5
2020-04-26,115.4
2020-04-27,119.2
2020-04-28,36.7
2020-04-29,112.0
2020-04-30,112.6
2020-05-01,14.6
2020-05-02,99.1
2020-05-03,29.0
2020-05-04,44.3
2020-05-05,51.4
2020-05-06,108.1
2020-05-07,24.2
2020-05-08,31.8
2020-05-09,114.9
2020-05-10,82.5
2020-05-11,83.3
2020-05-12,94.6
2020-05-13,57.6
2020-05-14,52.1
2020-05-15,26.5
2020-05-16,22.6
2020-05-17,45.3
2020-05-18,76.4
2020-05-19,91.9
2020-05-20,63.6
2020-05-21,22.5
2020-05-22,52.2
2020-05-23,32.0
2020-05-24,114.7
2020-05-25,108.4
2020-05-26,106.2
2020-05-27,49.6
2020-05-28,38.1
2020-05-29,54.1
2020-05-30,85.5
2020-05-31,62.4
2020-06-01,44.1
2020-06-02,89.5
2020-06-03,5.7
2020-06-04,30.8
2020-06-05,100.3
2020-06-06,57.7
2020-06-07,74.4
2020-06-08,45.3
2020-06-09,19.0
2020-06-10,22.7
2020-06-11,66.6
2020-06-12,24.5
2020-06-13,109.4
2020-06-14,112.1
2020-06-15,114.1
2020-06-16,9.3
2020-06-17,84.4
2020-06-18,3.6
2020-06-19,59.2
2020-06-20,108.4
2020-06-21,92.1
2020-06-22,3.9
2020-06-23,96.7
2020-06-24,74.9
2020-06-25,16.6
2020-06-26,119.1
2020-06-27,107.5
2020-06-28,7.8
2020-06-29,67.8
2020-06-30,78.3
2020-07-01,110.1
2020-07-02,35.2
2020-07-03,29.0
2020-07-04,0.4
2020-07-05,114.7
2020-07-06,15.3
2020-07-07,25.4
2020-07-08,84.4
2020-07-09,86.2
2020-07-10,8.7
2020-07-11,110.2
2020-07-12,32.9
2020-07-13,94.6
2020-07-14,83.0
2020-07-15,81.4
2020-07-16,27.7
2020-07-17,9.7
2020-07-18,71.6
2020-07-19,113.2
2020-07-20,72.4
2020-07-21,96.3
2020-07-22,102.4
2020-07-23,18.0
2020-07-24,41.3
2020-07-25,53.7
2020-07-26,41.6
2020-07-27,106.2
2020-07-28,5.9
2020-07-29,31.3
2020-07-30,10.5
2020-07-31,108.8
2020-08-01,65.7
2020-08-02,14.9
2020-08-03,88.6
2020-08-04,71.8
2020-08-05,21.7
2020-08-06,85.1
2020-08-07,39.0
2020-08-08,41.9
2020-08-09,56.0
2020-08-10,113.8
2020-08-11,77.7
2020-08-12,101.8
2020-08-13,38.0
2020-08-14,40.7
2020-08-15,94.7
2020-08-16,31.4
2020-08-17,66.4
2020-08-18,9.7
2020-08-19,20.9
2020-08-20,103.9
2020-08-21,67.6
2020-08-22,117.6
2020-08-23,54.5
2020-08-24,10.8
2020-08-25,41.0
2020-08-26,73.8
2020-08-27,15.6
2020-08-28,58.7
2020-08-29,48.7
2020-08-30,79.7
2020-08-31,55.3
2020-09-01,57.8
2020-09-02,1.2
2020-09-03,77.8
2020-09-04,52.1
2020-09-05,103.7
2020-09-06,52.7
2020-09-07,119.7
2020-09-08,102.0
2020-09-09,55.9
2020-09-10,116.0
2020-09-11,29.5
2020-09-12,15.1
2020-09-13,48.3
2020-09-14,88.5
2020-09-15,49.8
2020-09-16,21.7
2020-09-17,54.3
2020-09-18,64.4
2020-09-19,107.1
2020-09-20,117.7
2020-09-21,106.8
2020-09-22,31.8
2020-09-23,4.4
2020-09-24,10.0
2020-09-25,27.7
2020-09-26,56.0
2020-09-27,21.0
2020-09-28,113.1
2020-09-29,87.3
2020-09-30,84.8
2020-10-01,50.9
2020-10-02,84.3
2020-10-03,107.2
2020-10-04,11.4
2020-10-05,40.2
2020-10-06,53.7
2020-10-07,53.3
2020-10-08,8.1
2020-10-09,54.6
2020-10-10,54.0
2020-10-11,42.5
2020-10-12,5.9
2020-10-13,60.0
2020-10-14,40.7
2020-10-15,50.7
2020-10-16,88.0
2020-10-17,108.4
2020-10-18,84.9
2020-10-19,4.3
2020-10-20,65.7
2020-10-21,70.2
2020-10-22,103.6
2020-10-23,14.0
2020-10-24,74.3
2020-10-25,28.9
2020-10-26,70.8
2020-10-27,99.1
2020-10-28,112.6
2020-10-29,38.2
2020-10-30,38.3
2020-10-31,36.9
2020-11-01,100.3
2020-11-02,62.5
2020-11-03,8.1
2020-11-04,41.0
2020-11-05,109.3
2020-11-06,66.9
2020-11-07,37.4
2020-11-08,59.5
2020-11-09,69.8
2020-11-10,86.8
2020-11-11,24.3
2020-11-12,119.3
2020-11-13,0.1
2020-11-14,90.9
2020-11-15,61.3
2020-11-16,63.2
2020-11-17,47.9
2020-11-18,93.0
2020-11-19,76.6
2020-11-20,39.6
2020-11-21,85.5
2020-11-22,82.8
2020-11-23,90.6
2020-11-24,24.7
2020-11-25,100.6
2020-11-26,1.4
2020-11-27,77.4
2020-11-28,111.9
2020-11-29,73.4
2020-11-30,76.1
2020-12-01,96.5
2020-12-02,108.7
2020-12-03,2.9
2020-12-04,103.6
2020-12-05,63.3
2020-12-06,113.6
2020-12-07,32.5
2020-12-08,110.0
2020-12-09,39.7
2020-12-10,71.5
2020-12-11,108.8
2020-12-12,63.3
2020-12-13,99.3
2020-12-14,5.4
2020-12-15,72.0
2020-12-16,93.2
2020-12-17,61.2
2020-12-18,42.1
2020-12-19,13.0
2020-12-20,31.8
2020-12-21,23.8
2020-12-22,7.5
2020-12-23,14.3
2020-12-24,76.7
2020-12-25,38.8
2020-12-26,87.7
2020-12-27,81.4
2020-12-28,34.9
2020-12-29,110.4
2020-12-30,22.0
2020-12-31,106.7
2021-01-01,104.4
2021-01-02,30.6
2021-01-03,94.1
2021-01-04,63.8
2021-01-05,102.8
2021-01-06,14.2
2021-01-07,18.6
2021-01-08,78.1
2021-01-09,115.3
2021-01-10,99.4
2021-01-11,31.0
2021-01-12,85.9
2021-01-13,101.8
2021-01-14,39.8
2021-01-15,50.3
2021-01-16,62.6
2021-01-17,4.2
2021-01-18,90.1
2021-01-19,85.8
2021-01-20,46.7
2021-01-21,56.9
2021-01-22,99.4
2021-01-23,111.2
2021-01-24,83.3
2021-01-25,75.3
2021-01-26,79.6
2021-01-27,110.5
2021-01-28,94.6
2021-01-29,6.4
2021-01-30,94.9
2021-01-31,60.1
2021-02-01,75.3
2021-02-02,8.1
2021-02-03,36.2
2021-02-04,7.4
2021-02-05,101.7
2021-02-06,32.5
2021-02-07,61.4
2021-02-08,113.6
2021-02-09,35.1
2021-02-10,64.6
2021-02-11,51.0
2021-02-12,13.6
2021-02-13,78.7
2021-02-14,30.4
2021-02-15,86.7
2021-02-16,66.3
2021-02-17,14.0
2021-02-18,41.9
2021-02-19,27.9
2021-02-20,108.7
2021-02-21,111.4
2021-02-22,110.1
2021-02-23,47.4
2021-02-24,17.6
2021-02-25,99.2
2021-02-26,18.2
2021-02-27,73.8
2021-02-28,29.1
2021-03-01,106.1
2021-03-02,107.4
2021-03-03,108.4
2021-03-04,8.4
2021-03-05,78.1
2021-03-06,73.0
2021-03-07,116.5
2021-03-08,11.5
2021-03-09,89.3
2021-03-10,18.1
2021-03-11,13.2
2021-03-12,49.6
2021-03-13,66.2
2021-03-14,47.0
2021-03-15,70.0
2021-03-16,97.3
2021-03-17,21.0
2021-03-18,98.9
2021-03-19,93.7
2021-03-20,17.6
2021-03-21,28.1
2021-03-22,99.2
2021-03-23,110.2
2021-03-24,97.4
2021-03-25,13.8
2021-03-26,16.0
2021-03-27,66.5
2021-03-28,77.8
2021-03-29,53.3
2021-03-30,25.5
2021-03-31,64.7
2021-04-01,112.8
2021-04-02,20.9
2021-04-03,95.1
2021-04-04,2.3
2021-04-05,72.9
2021-04-06,73.8
2021-04-07,5.9
2021-04-08,94.7
2021-04-09,42.9
2021-04-10,99.9
2021-04-11,0.0
2021-04-12,22.5
2021-04-13,100.7
2021-04-14,16.4
2021-04-15,95.7
2021-04-16,119.0
2021-04-17,59.5
2021-04-18,74.9
2021-04-19,114.9
2021-04-20,68.3
2021-04-21,98.2
2021-04-22,62.5
2021-04-23,34.7
2021-04-24,25.5
2021-04-25,67.2
2021-04-26,36.4
2021-04-27,66.0
2021-04-28,18.5
2021-04-29,60.9
2021-04-30,21.5
2021-05-01,94.4
2021-05-02,59.6
2021-05-03,75.2
2021-05-04,95.7
2021-05-05,6.9
2021-05-06,60.6
2021-05-07,53.3
2021-05-08,91.6
2021-05-09,49.0
2021-05-10,80.2
2021-05-11,58.6
2021-05-12,88.1
2021-05-13,12.8
2021-05-14,98.6
2021-05-15,47.7
2021-05-16,88.3
2021-05-17,81.2
2021-05-18,41.4
2021-05-19,76.2
2021-05-20,100.8
2021-05-21,81.3
2021-05-22,92.3
2021-05-23,87.0
2021-05-24,65.1
2021-05-25,14.2
2021-05-26,106.4
2021-05-27,115.0
2021-05-28,91.1
2021-05-29,34.3
2021-05-30,111.2
2021-05-31,101.0
2021-06-01,20.6
2021-06-02,40.9
2021-06-03,9.0
2021-06-04,61.7
2021-06-05,112.9
2021-06-06,117.5
2021-06-07,61.4
2021-06-08,69.8
2021-06-09,113.8
2021-06-10,95.7
2021-06-11,59.9
2021-06-12,71.0
2021-06-13,82.1
2021-06-14,61.4
2021-06-15,3.2
2021-06-16,98.9
2021-06-17,62.8
2021-06-18,78.1
2021-06-19,75.5
2021-06-20,0.7
2021-06-21,109.8
2021-06-22,47.3
2021-06-23,58.9
2021-06-24,19.0
2021-06-25,69.4
2021-06-26,67.5
2021-06-27,87.4
2021-06-28,115.8
2021-06-29,28.9
2021-06-30,7.9
2021-07-01,55.4
2021-07-02,83.0
2021-07-03,58.4
2021-07-04,30.5
2021-07-05,30.1
2021-07-06,107.1
2021-07-07,48.4
2021-07-08,113.3
2021-07-09,113.1
2021-07-10,87.6
2021-07-11,20.2
2021-07-12,8.5
2021-07-13,52.7
2021-07-14,65.4
2021-07-15,53.5
2021-07-16,35.8
2021-07-17,79.1
2021-07-18,113.3
2021-07-19,50.5
2021-07-20,4.0
2021-07-21,62.2
2021-07-22,85.9
2021-07-23,52.8
2021-07-24,58.0
2021-07-25,47.4
2021-07-26,77.4
2021-07-27,13.4
2021-07-28,103.9
2021-07-29,2.2
2021-07-30,19.1
2021-07-31,31.3
2021-08-01,95.1
2021-08-02,57.0
2021-08-03,67.4
2021-08-04,62.2
2021-08-05,45.5
2021-08-06,77.5
2021-08-07,58.8
2021-08-08,28.4
2021-08-09,27.2
2021-08-10,65.1
2021-08-11,53.8
2021-08-12,10.4
2021-08-13,82.9
2021-08-14,15.9
2021-08-15,28.8
2021-08-16,40.0
2021-08-17,107.9
2021-08-18,62.3
2021-08-19,40.4
2021-08-20,29.0
2021-08-21,40.2
2021-08-22,97.7
2021-08-23,116.9
2021-08-24,34.3
2021-08-25,60.1
2021-08-26,16.0
2021-08-27,68.8
2021-08-28,50.2
2021-08-29,103.1
2021-08-30,53.9
2021-08-31,93.9
2021-09-01,53.6
2021-09-02,35.3
2021-09-03,107.0
2021-09-04,68.4
2021-09-05,33.8
2021-09-06,54.7
2021-09-07,108.4
2021-09-08,40.9
2021-09-09,103.9
2021-09-10,20.8
2021-09-11,111.0
2021-09-12,57.3
2021-09-13,23.8
2021-09-14,51.7
2021-09-15,40.6
2021-09-16,94.8
2021-09-17,13.0
2021-09-18,71.7
2021-09-19,111.5
2021-09-20,42.5
2021-09-21,53.9
2021-09-22,99.1
2021-09-23,101.4
2021-09-24,16.0
2021-09-25,68.8
2021-09-26,70.9
2021-09-27,17.3
2021-09-28,67.9
2021-09-29,94.4
2021-09-30,68.6
2021-10-01,98.8
2021-10-02,72.5
2021-10-03,112.5
2021-10-04,41.2
2021-10-05,46.1
2021-10-06,10.3
2021-10-07,47.0
2021-10-08,61.1
2021-10-09,102.7
2021-10-10,87.9
2021-10-11,29.8
2021-10-12,99.1
2021-10-13,68.1
2021-10-14,8.1
2021-10-15,71.1
2021-10-16,100.5
2021-10-17,30.5
2021-10-18,16.8
2021-10-19,100.3
2021-10-20,81.8
2021-10-21,94.9
2021-10-22,65.1
2021-10-23,113.6
2021-10-24,12.5
2021-10-25,105.6
2021-10-26,84.6
2021-10-27,7.1
2021-10-28,27.0
2021-10-29,102.2
2021-10-30,19.7
2021-10-31,20.7
2021-11-01,63.1
2021-11-02,115.2
2021-11-03,74.4
2021-11-04,114.5
2021-11-05,11.4
2021-11-06,69.5
2021-11-07,8.5
2021-11-08,16.1
2021-11-09,101.8
2021-11-10,38.7
2021-11-11,64.2
2021-11-12,108.3
2021-11-13,37.1
2021-11-14,83.3
2021-11-15,96.3
2021-11-16,96.5
2021-11-17,16.8
2021-11-18,119.2
2021-11-19,11.3
2021-11-20,38.5
2021-11-21,0.4
2021-11-22,56.7
2021-11-23,100.1
2021-11-24,105.7
2021-11-25,47.0
2021-11-26,53.5
2021-11-27,101.6
2021-11-28,97.9
2021-11-29,115.2
2021-11-30,41.5
2021-12-01,72.5
2021-12-02,4.1
2021-12-03,76.9
2021-12-04,63.9
2021-12-05,48.9
2021-12-06,108.5
2021-12-07,30.6
2021-12-08,10.9
2021-12-09,103.2
2021-12-10,81.4
2021-12-11,54.8
2021-12-12,42.9
2021-12-13,38.5
2021-12-14,79.5
2021-12-15,35.1
2021-12-16,74.1
2021-12-17,19.8
2021-12-18,72.1
2021-12-19,33.8
2021-12-20,83.5
2021-12-21,80.6
2021-12-22,110.2
2021-12-23,109.2
2021-12-24,97.7
2021-12-25,68.5
2021-12-26,19.2
2021-12-27,69.5
2021-12-28,67.3
2021-12-29,107.9
2021-12-30,18.3
2021-12-31,2.8
2022-01-01,77.9
2022-01-02,57.6
2022-01-03,97.3
2022-01-04,86.8
2022-01-05,34.5
2022-01-06,62.6
2022-01-07,23.8
2022-01-08,55.4
2022-01-09,49.3
2022-01-10,34.2
2022-01-11,55.5
2022-01-12,107.1
2022-01-13,114.4
2022-01-14,115.7
2022-01-15,50.9
2022-01-16,113.2
2022-01-17,8.7
2022-01-18,6.3
2022-01-19,85.9
2022-01-20,106.2
2022-01-21,13.5
2022-01-22,65.9
2022-01-23,17.6
2022-01-24,85.2
2022-01-25,4.8
2022-01-26,80.7
2022-01-27,67.1
2022-01-28,7.5
2022-01-29,88.6
2022-01-30,116.3
2022-01-31,80.9
2022-02-01,49.3
2022-02-02,5.1
2022-02-03,4.5
2022-02-04,115.5
2022-02-05,67.3
2022-02-06,87.4
2022-02-07,54.3
2022-02-08,57.9
2022-02-09,30.5
2022-02-10,87.6
2022-02-11,25.0
2022-02-12,4.4
2022-02-13,111.8
2022-02-14,1.8
2022-02-15,61.4
2022-02-16,76.4
2022-02-17,66.3
2022-02-18,62.3
2022-02-19,21.5
2022-02-20,58.5
2022-02-21,23.0
2022-02-22,6.8
2022-02-23,86.9
2022-02-24,110.3
2022-02-25,7.2
2022-02-26,111.5
2022-02-27,105.2
2022-02-28,68.1
2022-03-01,87.1
2022-03-02,72.7
2022-03-03,57.4
2022-03-04,50.8
2022-03-05,7.4
2022-03-06,30.3
2022-03-07,25.8
2022-03-08,57.8
2022-03-09,105.5
2022-03-10,57.2
2022-03-11,79.7
2022-03-12,30.9
2022-03-13,103.3
2022-03-14,51.9
2022-03-15,27.2
2022-03-16,5.6
2022-03-17,111.0
2022-03-18,83.6
2022-03-19,30.9
2022-03-20,103.1
2022-03-21,41.4
2022-03-22,110.3
2022-03-23,107.5
2022-03-24,72.5
2022-03-25,84.3
2022-03-26,10.4
2022-03-27,2.6
2022-03-28,21.9
2022-03-29,27.2
2022-03-30,117.7
2022-03-31,88.1
2022-04-01,3.7
2022-04-02,36.9
2022-04-03,110.6
2022-04-04,37.1
2022-04-05,12.2
2022-04-06,82.4
2022-04-07,29.9
2022-04-08,97.2
2022-04-09,46.4
2022-04-10,25.0
2022-04-11,33.5
2022-04-12,108.1
2022-04-13,56.4
2022-04-14,53.8
2022-04-15,46.8
2022-04-16,6.9
2022-04-17,2.5
2022-04-18,73.8
2022-04-19,18.8
2022-04-20,11.3
2022-04-21,83.0
2022-04-22,76.4
2022-04-23,27.2
2022-04-24,19.2
2022-04-25,84.9
2022-04-26,20.0
2022-04-27,15.9
2022-04-28,84.1
2022-04-29,73.3
2022-04-30,72.9
2022-05-01,66.1
2022-05-02,75.2
2022-05-03,41.6
2022-05-04,114.1
2022-05-05,106.3
2022-05-06,90.4
2022-05-07,79.2
2022-05-08,39.1
2022-05-09,94.3
2022-05-10,24.8
2022-05-11,32.2
2022-05-12,34.0
2022-05-13,48.5
2022-05-14,35.6
2022-05-15,35.3
2022-05-16,33.9
2022-05-17,90.3
2022-05-18,29.8
2022-05-19,59.3
2022-05-20,72.4
2022-05-21,65.3
2022-05-22,60.7
2022-05-23,82.3
2022-05-24,17.5
2022-05-25,24.1
2022-05-26,87.3
2022-05-27,113.5
2022-05-28,53.9
2022-05-29,45.1
2022-05-30,113.4
2022-05-31,22.2
2022-06-01,49.1
2022-06-02,49.5
2022-06-03,111.7
2022-06-04,117.4
2022-06-05,21.1
2022-06-06,83.4
2022-06-07,44.1
2022-06-08,15.2
2022-06-09,54.0
2022-06-10,26.6
2022-06-11,65.3
2022-06-12,99.2
2022-06-13,89.7
2022-06-14,118.6
2022-06-15,107.9
2022-06-16,119.3
2022-06-17,20.8
2022-06-18,70.1
2022-06-19,93.2
2022-06-20,109.7
2022-06-21,96.1
2022-06-22,114.3
2022-06-23,44.7
2022-06-24,84.9
2022-06-25,62.6
2022-06-26,53.5
2022-06-27,60.1
2022-06-28,87.2
2022-06-29,104.2
2022-06-30,87.6
2022-07-01,69.7
2022-07-02,114.6
2022-07-03,10.9
2022-07-04,32.2
2022-07-05,62.6
2022-07-06,72.7
2022-07-07,119.4
2022-07-08,53.6
2022-07-09,30.0
2022-07-10,51.2
2022-07-11,94.9
2022-07-12,50.1
2022-07-13,23.8
2022-07-14,117.4
2022-07-15,34.4
2022-07-16,38.8
2022-07-17,51.5
2022-07-18,95.3
2022-07-19,71.4
2022-07-20,106.7
2022-07-21,80.2
2022-07-22,21.5
2022-07-23,66.0
2022-07-24,12.3
2022-07-25,23.9
2022-07-26,102.9
2022-07-27,4.9
2022-07-28,8.9
2022-07-29,69.6
2022-07-30,55.7
2022-07-31,109.7
2022-08-01,84.7
2022-08-02,68.8
2022-08-03,98.6
2022-08-04,86.0
2022-08-05,75.2
2022-08-06,115.5
2022-08-07,64.2
2022-08-08,0.5
2022-08-09,70.3
2022-08-10,28.0
2022-08-11,58.4
2022-08-12,76.5
2022-08-13,62.8
2022-08-14,36.6
2022-08-15,92.3
2022-08-16,69.3
2022-08-17,67.3
2022-08-18,102.7
2022-08-19,1.6
2022-08-20,118.7
2022-08-21,76.7
2022-08-22,72.2
2022-08-23,106.2
2022-08-24,100.1
2022-08-25,25.2
2022-08-26,83.5
2022-08-27,1.5
2022-08-28,37.7
2022-08-29,99.2
2022-08-30,57.8
2022-08-31,2.9
2022-09-01,115.6
2022-09-02,112.0
2022-09-03,48.4
2022-09-04,57.1
2022-09-05,100.2
2022-09-06,117.4
2022-09-07,41.2
2022-09-08,117.5
2022-09-09,78.2
2022-09-10,36.6
2022-09-11,63.2
2022-09-12,49.1
2022-09-13,117.0
2022-09-14,1.8
2022-09-15,57.3
2022-09-16,100.8
2022-09-17,44.4
2022-09-18,116.2
2022-09-19,31.9
2022-09-20,85.4
2022-09-21,90.0
2022-09-22,52.8
2022-09-23,24.4
2022-09-24,38.1
2022-09-25,38.2
2022-09-26,116.9
2022-09-27,70.4
2022-09-28,52.9
2022-09-29,15.1
2022-09-30,55.0
2022-10-01,35.5
2022-10-02,42.1
2022-10-03,84.2
2022-10-04,1.4
2022-10-05,11.1
2022-10-06,92.1
2022-10-07,93.9
2022-10-08,53.0
2022-10-09,22.1
2022-10-10,5.2
2022-10-11,3.6
2022-10-12,29.6
2022-10-13,66.7
2022-10-14,99.9
2022-10-15,73.9
2022-10-16,91.1
2022-10-17,108.8
2022-10-18,71.6
2022-10-19,74.9
2022-10-20,67.1
2022-10-21,72.4
2022-10-22,68.4
2022-10-23,57.7
2022-10-24,90.3
2022-10-25,117.9
2022-10-26,98.5
2022-10-27,88.9
2022-10-28,118.9
2022-10-29,110.3
2022-10-30,100.4
2022-10-31,56.8
2022-11-01,90.8
2022-11-02,25.2
2022-11-03,22.7
2022-11-04,20.4
2022-11-05,35.0
2022-11-06,23.5
2022-11-07,117.0
2022-11-08,113.0
2022-11-09,105.2
2022-11-10,91.3
2022-11-11,119.0
2022-11-12,118.4
2022-11-13,106.7
2022-11-14,99.1
2022-11-15,21.7
2022-11-16,12.7
2022-11-17,51.5
2022-11-18,109.2
2022-11-19,94.0
2022-11-20,7.9
2022-11-21,61.6
2022-11-22,115.9
2022-11-23,24.4
2022-11-24,89.3
2022-11-25,33.2
2022-11-26,114.0
2022-11-27,95.8
2022-11-28,16.8
2022-11-29,113.4
2022-11-30,51.8
2022-12-01,45.6
2022-12-02,44.6
2022-12-03,47.5
2022-12-04,8.4
2022-12-05,57.0
2022-12-06,42.9
2022-12-07,87.6
2022-12-08,25.1
2022-12-09,14.0
2022-12-10,84.3
2022-12-11,88.8
2022-12-12,40.4
2022-12-13,53.5
2022-12-14,57.4
2022-12-15,69.3
2022-12-16,30.9
2022-12-17,93.2
2022-12-18,86.1
2022-12-19,49.5
2022-12-20,21.3
2022-12-21,118.8
2022-12-22,92.4
2022-12-23,109.9
2022-12-24,41.5
2022-12-25,21.7
2022-12-26,71.7
2022-12-27,80.9
2022-12-28,47.7
2022-12-29,59.4
2022-12-30,60.0
2022-12-31,54.8
2023-01-01,77.7
2023-01-02,21.5
2023-01-03,82.1
2023-01-04,103.2
2023-01-05,38.6
2023-01-06,98.2
2023-01-07,23.6
2023-01-08,69.1
2023-01-09,101.6
2023-01-10,88.8
2023-01-11,29.9
2023-01-12,101.3
2023-01-13,76.3
2023-01-14,30.1
2023-01-15,13.1
2023-01-16,3.8
2023-01-17,17.6
2023-01-18,75.1
2023-01-19,5.7
2023-01-20,80.1
2023-01-21,94.6
2023-01-22,28.4
2023-01-23,13.3
2023-01-24,64.5
2023-01-25,117.6
2023-01-26,50.9
2023-01-27,51.5
2023-01-28,109.0
2023-01-29,1.6
2023-01-30,75.0
2023-01-31,30.0
2023-02-01,5.7
2023-02-02,58.3
2023-02-03,62.1
2023-02-04,84.0
2023-02-05,86.1
2023-02-06,76.4
2023-02-07,16.2
2023-02-08,110.1
2023-02-09,58.4
2023-02-10,117.8
2023-02-11,72.4
2023-02-12,73.7
2023-02-13,7.4
2023-02-14,102.9
2023-02-15,58.9
2023-02-16,97.6
2023-02-17,7.2
2023-02-18,44.0
2023-02-19,85.4
2023-02-20,19.1
2023-02-21,31.6
2023-02-22,80.3
2023-02-23,79.4
2023-02-24,72.7
2023-02-25,8.7
2023-02-26,52.1
2023-02-27,98.6
2023-02-28,41.3
2023-03-01,78.9
2023-03-02,44.3
2023-03-03,33.7
2023-03-04,74.5
2023-03-05,77.6
2023-03-06,32.3
2023-03-07,103.7
2023-03-08,62.1
2023-03-09,93.7
2023-03-10,37.7
2023-03-11,44.2
2023-03-12,46.8
2023-03-13,16.9
2023-03-14,59.6
2023-03-15,62.3
2023-03-16,112.3
2023-03-17,23.8
2023-03-18,73.5
2023-03-19,36.6
2023-03-20,49.6
2023-03-21,79.9
2023-03-22,22.8
2023-03-23,51.9
2023-03-24,55.8
2023-03-25,37.6
2023-03-26,54.9
2023-03-27,70.0
2023-03-28,61.3
2023-03-29,80.3
2023-03-30,88.8
2023-03-31,36.7
2023-04-01,85.2
2023-04-02,55.4
2023-04-03,30.1
2023-04-04,3.6
2023-04-05,51.0
2023-04-06,69.0
2023-04-07,0.2
2023-04-08,93.2
2023-04-09,79.7
2023-04-10,33.2
2023-04-11,49.8
2023-04-12,50.3
2023-04-13,11.2
2023-04-14,52.2
2023-04-15,62.3
2023-04-16,42.1
2023-04-17,3.5
2023-04-18,57.8
2023-04-19,23.1
2023-04-20,20.2
2023-04-21,47.8
2023-04-22,31.7
2023-04-23,91.6
2023-04-24,17.5
2023-04-25,36.3
2023-04-26,52.7
2023-04-27,39.6
2023-04-28,14.5
2023-04-29,102.7
2023-04-30,58.7
2023-05-01,35.2
2023-05-02,87.8
2023-05-03,17.2
2023-05-04,4.5
2023-05-05,90.3
2023-05-06,114.1
2023-05-07,43.9
2023-05-08,43.4
2023-05-09,116.1
2023-05-10,57.3
2023-05-11,97.4
2023-05-12,81.9
2023-05-13,20.3
2023-05-14,59.3
2023-05-15,88.6
2023-05-16,18.8
2023-05-17,78.8
2023-05-18,83.9
2023-05-19,12.0
2023-05-20,82.0
2023-05-21,37.6
2023-05-22,35.6
2023-05-23,43.8
2023-05-24,114.9
2023-05-25,59.7
2023-05-26,47.2
2023-05-27,112.3
2023-05-28,35.1
2023-05-29,119.5
2023-05-30,77.5
2023-05-31,65.0
2023-06-01,11.8
2023-06-02,58.4
2023-06-03,83.9
2023-06-04,36.3
2023-06-05,5.0
2023-06-06,67.5
2023-06-07,8.8
2023-06-08,61.5
2023-06-09,36.8
2023-06-10,96.7
2023-06-11,6.1
2023-06-12,98.5
2023-06-13,100.4
2023-06-14,12.7
2023-06-15,115.2
2023-06-16,93.7
2023-06-17,53.0
2023-06-18,109.6
2023-06-19,35.4
2023-06-20,101.0
2023-06-21,15.2
2023-06-22,38.6
2023-06-23,46.5
2023-06-24,95.8
2023-06-25,52.8
2023-06-26,86.6
2023-06-27,33.1
2023-06-28,68.7
2023-06-29,25.7
2023-06-30,42.9
2023-07-01,44.1
2023-07-02,0.4
2023-07-03,51.1
2023-07-04,36.4
2023-07-05,25.1
2023-07-06,77.2
2023-07-07,28.1
2023-07-08,31.6
2023-07-09,36.6
2023-07-10,1.3
2023-07-11,94.6
2023-07-12,4.8
2023-07-13,107.0
2023-07-14,31.0
2023-07-15,63.9
2023-07-16,72.2
2023-07-17,27.8
2023-07-18,13.9
2023-07-19,63.6
2023-07-20,118.5
2023-07-21,104.7
2023-07-22,38.7
2023-07-23,64.2
2023-07-24,108.0
2023-07-25,44.0
2023-07-26,4.5
2023-07-27,11.0
2023-07-28,30.1
2023-07-29,110.4
2023-07-30,53.6
2023-07-31,41.1
2023-08-01,69.2
2023-08-02,67.3
2023-08-03,2.9
2023-08-04,39.1
2023-08-05,59.6
2023-08-06,99.5
2023-08-07,80.9
2023-08-08,36.7
2023-08-09,28.9
2023-08-10,87.8
2023-08-11,105.9
2023-08-12,29.9
2023-08-13,96.6
2023-08-14,35.8
2023-08-15,66.9
2023-08-16,19.9
2023-08-17,94.0
2023-08-18,11.8
2023-08-19,82.6
2023-08-20,89.3
2023-08-21,96.1
2023-08-22,111.3
2023-08-23,36.2
2023-08-24,36.3
2023-08-25,94.7
2023-08-26,19.1
2023-08-27,89.1
2023-08-28,38.9
2023-08-29,102.4
2023-08-30,9.7
2023-08-31,3.5
2023-09-01,95.3
2023-09-02,21.7
2023-09-03,78.2
2023-09-04,96.2
2023-09-05,117.6
2023-09-06,17.8
2023-09-07,36.3
2023-09-08,9.8
2023-09-09,94.2
2023-09-10,83.4
2023-09-11,30.9
2023-09-12,110.0
2023-09-13,68.9
2023-09-14,113.0
2023-09-15,69.2
2023-09-16,28.3
2023-09-17,61.6
2023-09-18,14.0
2023-09-19,41.8
2023-09-20,55.1
2023-09-21,24.6
2023-09-22,35.7
2023-09-23,16.9
2023-09-24,44.4
2023-09-25,65.3
2023-09-26,53.5
2023-09-27,37.1
2023-09-28,51.6
2023-09-29,68.2
2023-09-30,113.7
2023-10-01,58.6
2023-10-02,117.8
2023-10-03,17.2
2023-10-04,12.0
2023-10-05,102.1
2023-10-06,79.8
2023-10-07,77.7
2023-10-08,13.3
2023-10-09,6.9
2023-10-10,51.7
2023-10-11,10.5
2023-10-12,98.8
2023-10-13,113.9
2023-10-14,117.4
2023-10-15,6.9
2023-10-16,18.8
2023-10-17,102.5
2023-10-18,50.9
2023-10-19,0.1
2023-10-20,118.3
2023-10-21,85.7
2023-10-22,23.7
2023-10-23,110.1
2023-10-24,118.9
2023-10-25,19.1
2023-10-26,102.9
2023-10-27,50.1
2023-10-28,117.8
2023-10-29,100.7
2023-10-30,9.4
2023-10-31,9.3
2023-11-01,1.7
2023-11-02,108.4
2023-11-03,71.8
2023-11-04,32.2
2023-11-05,64.8
2023-11-06,65.3
2023-11-07,32.6
2023-11-08,9.9
2023-11-09,31.5
2023-11-10,99.9
2023-11-11,83.3
2023-11-12,116.1
2023-11-13,62.5
2023-11-14,116.4
2023-11-15,65.6
2023-11-16,108.5
2023-11-17,108.5
2023-11-18,69.6
2023-11-19,6.9
2023-11-20,23.0
2023-11-21,79.4
2023-11-22,52.7
2023-11-23,87.1
2023-11-24,117.3
2023-11-25,6.9
2023-11-26,26.0
2023-11-27,108.7
2023-11-28,92.8
2023-11-29,29.0
2023-11-30,92.1
2023-12-01,3.1
2023-12-02,75.2
2023-12-03,94.8
2023-12-04,106.3
2023-12-05,100.7
2023-12-06,4.4
2023-12-07,58.8
2023-12-08,108.5
2023-12-09,46.6
2023-12-10,97.1
2023-12-11,22.5
2023-12-12,112.4
2023-12-13,85.7
2023-12-14,67.9
2023-12-15,117.5
2023-12-16,11.9
2023-12-17,12.2
2023-12-18,14.0
2023-12-19,73.8
2023-12-20,83.3
2023-12-21,103.4
2023-12-22,64.1
2023-12-23,103.4
2023-12-24,48.1
2023-12-25,69.9
2023-12-26,89.1
2023-12-27,117.9
2023-12-28,87.3
2023-12-29,28.7
2023-12-30,6.0
2023-12-31,14.8
2024-01-01,25.0
2024-01-02,18.4
2024-01-03,5.7
2024-01-04,21.9
2024-01-05,40.6
2024-01-06,108.7
2024-01-07,42.4
2024-01-08,118.9
2024-01-09,109.9
2024-01-10,58.8
2024-01-11,86.2
2024-01-12,89.0
2024-01-13,23.1
2024-01-14,19.0
2024-01-15,8.2
2024-01-16,40.7
2024-01-17,14.0
2024-01-18,115.9
2024-01-19,44.3
2024-01-20,14.4
2024-01-21,113.2
2024-01-22,114.0
2024-01-23,75.4
2024-01-24,64.7
2024-01-25,96.1
2024-01-26,86.6
2024-01-27,104.3
2024-01-28,91.5
2024-01-29,102.0
2024-01-30,12.4
2024-01-31,99.0
2024-02-01,44.0
2024-02-02,81.8
2024-02-03,42.1
2024-02-04,19.3
2024-02-05,44.7
2024-02-06,56.8
2024-02-07,30.9
2024-02-08,77.3
2024-02-09,14.1
2024-02-10,70.1
2024-02-11,29.2
2024-02-12,99.7
2024-02-13,80.7
2024-02-14,94.8
2024-02-15,91.1
2024-02-16,57.5
2024-02-17,57.5
2024-02-18,38.0
2024-02-19,108.6
2024-02-20,61.1
2024-02-21,16.6
2024-02-22,41.4
2024-02-23,101.4
2024-02-24,61.0
2024-02-25,94.4
2024-02-26,72.1
2024-02-27,74.4
2024-02-28,6.9
2024-02-29,10.4
2024-03-01,62.4
2024-03-02,28.0
2024-03-03,80.5
2024-03-04,52.4
2024-03-05,38.6
2024-03-06,96.9
2024-03-07,44.4
2024-03-08,38.8
2024-03-09,43.4
2024-03-10,76.0
2024-03-11,69.4
2024-03-12,45.6
2024-03-13,96.5
2024-03-14,55.5
2024-03-15,69.2
2024-03-16,63.7
2024-03-17,66.2
2024-03-18,19.4
2024-03-19,50.3
2024-03-20,46.4
2024-03-21,20.1
2024-03-22,61.3
2024-03-23,42.1
2024-03-24,116.6
2024-03-25,60.7
2024-03-26,35.9
2024-03-27,48.8
2024-03-28,65.7
2024-03-29,15.5
2024-03-30,16.4
2024-03-31,46.2
2024-04-01,9.4
2024-04-02,86.6
2024-04-03,46.5
2024-04-04,116.6
2024-04-05,62.8
2024-04-06,6.3
2024-04-07,55.2
2024-04-08,23.2
2024-04-09,81.0
2024-04-10,45.4
2024-04-11,56.7
2024-04-12,12.6
2024-04-13,97.6
2024-04-14,87.4
2024-04-15,21.8
2024-04-16,66.5
2024-04-17,56.0
2024-04-18,32.0
2024-04-19,91.5
2024-04-20,46.9
2024-04-21,97.5
2024-04-22,92.3
2024-04-23,11.9
2024-04-24,86.7
2024-04-25,73.4
2024-04-26,40.6
2024-04-27,8.2
2024-04-28,89.9
2024-04-29,14.5
2024-04-30,43.4
2024-05-01,53.7
2024-05-02,110.2
2024-05-03,36.3
2024-05-04,42.0
2024-05-05,25.6
2024-05-06,18.2
2024-05-07,92.2
2024-05-08,91.9
2024-05-09,39.9
2024-05-10,57.8
2024-05-11,18.1
2024-05-12,42.0
2024-05-13,2.1
2024-05-14,59.8
2024-05-15,30.5
2024-05-16,2.7
2024-05-17,52.2
2024-05-18,67.8
2024-05-19,114.3
2024-05-20,55.5
2024-05-21,66.8
2024-05-22,114.1
2024-05-23,91.8
2024-05-24,82.4
2024-05-25,53.8
2024-05-26,59.1
2024-05-27,45.9
2024-05-28,96.8
2024-05-29,87.7
2024-05-30,101.9
2024-05-31,22.0
2024-06-01,16.4
2024-06-02,109.0
2024-06-03,79.9
2024-06-04,86.7
2024-06-05,90.3
2024-06-06,110.7
2024-06-07,20.4
2024-06-08,93.9
2024-06-09,39.3
2024-06-10,45.4
2024-06-11,5.8
2024-06-12,42.1
2024-06-13,81.9
2024-06-14,20.4
2024-06-15,49.8
2024-06-16,32.4
2024-06-17,12.9
2024-06-18,99.2
2024-06-19,15.5
2024-06-20,50.5
2024-06-21,116.7
2024-06-22,60.1
2024-06-23,94.0
2024-06-24,70.0
2024-06-25,38.7
2024-06-26,111.2
2024-06-27,17.6
2024-06-28,51.6
2024-06-29,63.5
2024-06-30,114.5
2024-07-01,50.2
2024-07-02,68.9
2024-07-03,32.4
2024-07-04,107.8
2024-07-05,60.0
2024-07-06,37.3
2024-07-07,54.6
2024-07-08,90.7
2024-07-09,13.8
2024-07-10,80.7
2024-07-11,103.4
2024-07-12,52.5
2024-07-13,52.2
2024-07-14,29.7
2024-07-15,50.4
2024-07-16,105.6
2024-07-17,113.0
2024-07-18,26.4
2024-07-19,103.4
2024-07-20,31.0
2024-07-21,57.1
2024-07-22,37.7
2024-07-23,26.6
2024-07-24,87.2
2024-07-25,114.3
2024-07-26,85.1
2024-07-27,92.1
2024-07-28,17.3
2024-07-29,109.9
2024-07-30,102.0
2024-07-31,10.0
2024-08-01,107.0
2024-08-02,54.9
2024-08-03,98.9
2024-08-04,43.9
2024-08-05,13.9
2024-08-06,77.5
2024-08-07,27.4
2024-08-08,107.1
2024-08-09,60.6
2024-08-10,80.8
2024-08-11,68.3
2024-08-12,78.2
2024-08-13,119.0
2024-08-14,99.5
2024-08-15,114.3
2024-08-16,99.5
2024-08-17,10.1
2024-08-18,21.1
2024-08-19,46.2
2024-08-20,9.8
2024-08-21,39.9
2024-08-22,117.7
2024-08-23,17.1
2024-08-24,98.8
2024-08-25,44.3
2024-08-26,25.6
2024-08-27,35.1
2024-08-28,99.8
2024-08-29,93.6
2024-08-30,86.7
2024-08-31,76.3
2024-09-01,45.1
2024-09-02,110.9
2024-09-03,93.3
2024-09-04,83.7
2024-09-05,115.0
2024-09-06,21.2
2024-09-07,67.7
2024-09-08,32.5
2024-09-09,39.0
2024-09-10,61.8
2024-09-11,44.0
2024-09-12,80.2
2024-09-13,70.2
2024-09-14,51.5
2024-09-15,88.1
2024-09-16,67.3
2024-09-17,6.6
2024-09-18,7.2
2024-09-19,109.5
2024-09-20,73.5
2024-09-21,51.2
2024-09-22,58.4
2024-09-23,118.3
2024-09-24,84.7
2024-09-25,31.9
2024-09-26,83.3
2024-09-27,79.1
2024-09-28,31.3
2024-09-29,47.5
2024-09-30,73.2
2024-10-01,31.7
2024-10-02,27.9
2024-10-03,35.4
2024-10-04,12.3
2024-10-05,5.2
2024-10-06,9.6
2024-10-07,54.5
2024-10-08,23.8
2024-10-09,30.3
2024-10-10,43.7
2024-10-11,82.4
2024-10-12,30.0
2024-10-13,103.9
2024-10-14,83.5
2024-10-15,93.3
2024-10-16,100.9
2024-10-17,89.8
2024-10-18,106.8
2024-10-19,62.6
2024-10-20,77.0
2024-10-21,9.1
2024-10-22,112.3
2024-10-23,47.3
2024-10-24,64.8
2024-10-25,37.4
2024-10-26,47.0
2024-10-27,19.4
2024-10-28,76.6
2024-10-29,42.3
2024-10-30,51.8
2024-10-31,43.2
2024-11-01,76.7
2024-11-02,37.0
2024-11-03,103.2
2024-11-04,39.9
2024-11-05,102.1
2024-11-06,19.2
2024-11-07,96.0
2024-11-08,6.2
2024-11-09,56.6
2024-11-10,9.1
2024-11-11,52.9
2024-11-12,104.9
2024-11-13,33.2
2024-11-14,20.4
2024-11-15,11.8
2024-11-16,7.1
2024-11-17,45.6
2024-11-18,80.3
2024-11-19,56.8
2024-11-20,89.9
2024-11-21,109.9
2024-11-22,1.1
2024-11-23,87.6
2024-11-24,40.3
2024-11-25,111.1
2024-11-26,88.0
2024-11-27,45.3
2024-11-28,60.9
2024-11-29,96.1
2024-11-30,95.7
2024-12-01,15.3
2024-12-02,36.8
2024-12-03,51.4
2024-12-04,6.5
2024-12-05,1.9
2024-12-06,31.6
2024-12-07,96.8
2024-12-08,102.1
2024-12-09,111.4
2024-12-10,10.7
2024-12-11,10.5
2024-12-12,43.0
2024-12-13,76.7
2024-12-14,47.5
2024-12-15,117.7
2024-12-16,44.2
2024-12-17,111.8
2024-12-18,18.5
2024-12-19,34.4
2024-12-20,4.0
2024-12-21,115.2
2024-12-22,28.9
2024-12-23,115.2
2024-12-24,69.0
2024-12-25,56.7
2024-12-26,117.6
2024-12-27,58.6
2024-12-28,105.0
2024-12-29,7.4
2024-12-30,117.1
2024-12-31,1.1
2025-01-01,18.1
2025-01-02,111.1
2025-01-03,1.3
2025-01-04,64.7
2025-01-05,16.5
2025-01-06,31.8
2025-01-07,119.2
2025-01-08,15.2
2025-01-09,74.6
2025-01-10,106.7
2025-01-11,12.7
2025-01-12,117.7
2025-01-13,37.8
2025-01-14,90.1
2025-01-15,18.1
2025-01-16,61.2
2025-01-17,119.3
2025-01-18,24.8
2025-01-19,116.5
2025-01-20,44.5
2025-01-21,67.4
2025-01-22,83.7
2025-01-23,6.3
2025-01-24,7.9
2025-01-25,56.3
2025-01-26,105.3
2025-01-27,113.2
2025-01-28,27.9
2025-01-29,106.9
2025-01-30,5.5
2025-01-31,66.4
2025-02-01,21.7
2025-02-02,99.0
2025-02-03,49.9
2025-02-04,101.2
2025-02-05,119.6
2025-02-06,94.5
2025-02-07,71.5
2025-02-08,39.0
2025-02-09,37.2
2025-02-10,110.4
2025-02-11,54.1
2025-02-12,12.3
2025-02-13,57.6
2025-02-14,100.3
2025-02-15,99.2
2025-02-16,69.8
2025-02-17,33.4
2025-02-18,82.6
2025-02-19,92.2
2025-02-20,74.7
2025-02-21,100.7
2025-02-22,83.2
2025-02-23,68.9
2025-02-24,24.9
2025-02-25,76.9
2025-02-26,87.2
2025-02-27,33.7
2025-02-28,110.2
2025-03-01,97.3
2025-03-02,19.8
2025-03-03,13.2
2025-03-04,116.2
2025-03-05,8.4
2025-03-06,102.7
2025-03-07,94.0
2025-03-08,92.5
2025-03-09,45.7
2025-03-10,118.5
2025-03-11,107.7
2025-03-12,64.8
2025-03-13,32.7
2025-03-14,64.6
2025-03-15,51.5
2025-03-16,8.1
2025-03-17,9.0
2025-03-18,21.6
2025-03-19,95.7
2025-03-20,63.3
2025-03-21,53.9
2025-03-22,119.6
2025-03-23,13.3
2025-03-24,117.7
2025-03-25,45.4
2025-03-26,22.0
2025-03-27,42.9
2025-03-28,111.5
2025-03-29,58.7
2025-03-30,29.3
2025-03-31,58.6
2025-04-01,68.5
2025-04-02,109.0
2025-04-03,51.5
2025-04-04,30.6
2025-04-05,68.9
2025-04-06,25.3
2025-04-07,26.8
2025-04-08,38.7
2025-04-09,15.1
2025-04-10,78.1
2025-04-11,71.7
2025-04-12,98.5
2025-04-13,53.1
2025-04-14,48.1
2025-04-15,42.3
2025-04-16,21.8
2025-04-17,49.9
2025-04-18,32.5
2025-04-19,58.2
2025-04-20,1.5
2025-04-21,99.9
2025-04-22,7.2
2025-04-23,15.1
2025-04-24,83.3
2025-04-25,118.0
2025-04-26,72.4
2025-04-27,81.7
2025-04-28,12.5
2025-04-29,12.2
2025-04-30,15.7
2025-05-01,25.5
2025-05-02,40.5
2025-05-03,110.5
2025-05-04,45.2
2025-05-05,39.5
2025-05-06,17.5
2025-05-07,29.0
2025-05-08,66.1
2025-05-09,63.9
2025-05-10,97.8
2025-05-11,56.0
2025-05-12,75.0
2025-05-13,29.1
2025-05-14,62.8
2025-05-15,52.4
2025-05-16,85.2
2025-05-17,109.2
2025-05-18,96.6
2025-05-19,44.8
2025-05-20,84.6
2025-05-21,67.9
2025-05-22,79.9
2025-05-23,55.7
2025-05-24,60.4
2025-05-25,95.3
2025-05-26,28.0
2025-05-27,44.8
2025-05-28,114.9
2025-05-29,15.4
2025-05-30,76.2
2025-05-31,97.9
2025-06-01,96.6
2025-06-02,31.3
2025-06-03,76.3
2025-06-04,93.4
2025-06-05,91.6
2025-06-06,3.4
2025-06-07,87.2
2025-06-08,45.0
2025-06-09,54.4
2025-06-10,106.5
2025-06-11,83.3
2025-06-12,100.2
2025-06-13,90.4
2025-06-14,40.9
2025-06-15,15.8
2025-06-16,12.4
2025-06-17,40.7
2025-06-18,104.0
2025-06-19,70.3
2025-06-20,94.4
2025-06-21,15.1
2025-06-22,20.7
2025-06-23,112.2
2025-06-24,98.5
2025-06-25,104.7
2025-06-26,95.4
2025-06-27,22.0
2025-06-28,98.4
2025-06-29,87.7
2025-06-30,12.5
2025-07-01,119.1
2025-07-02,1.8
2025-07-03,40.5
2025-07-04,48.3
2025-07-05,64.7
2025-07-06,95.0
2025-07-07,105.2
2025-07-08,54.7
2025-07-09,48.5
2025-07-10,108.6
2025-07-11,30.4
2025-07-12,10.0
2025-07-13,116.0
2025-07-14,60.1
2025-07-15,102.6
2025-07-16,27.4
2025-07-17,33.7
2025-07-18,3.8
2025-07-19,2.5
2025-07-20,38.2
2025-07-21,63.0
2025-07-22,7.2
2025-07-23,83.8
2025-07-24,105.9
2025-07-25,40.7
2025-07-26,112.0
2025-07-27,36.3
2025-07-28,31.3
2025-07-29,33.5
2025-07-30,107.9
2025-07-31,11.6
2025-08-01,113.7
2025-08-02,68.0
2025-08-03,35.8
2025-08-04,66.6
2025-08-05,45.6
2025-08-06,66.0
2025-08-07,65.4
2025-08-08,4.7
2025-08-09,98.8
2025-08-10,68.4
2025-08-11,4.3
2025-08-12,24.0
2025-08-13,72.1
2025-08-14,39.4
2025-08-15,13.3
2025-08-16,104.8
2025-08-17,12.5
2025-08-18,45.1
2025-08-19,76.6
2025-08-20,91.4
2025-08-21,14.8
2025-08-22,117.4
2025-08-23,73.8
2025-08-24,10.2
2025-08-25,99.6
2025-08-26,64.2
2025-08-27,91.5
2025-08-28,50.0
2025-08-29,112.2
2025-08-30,114.0
2025-08-31,64.3
2025-09-01,17.7
2025-09-02,80.8
2025-09-03,94.6
2025-09-04,48.4
2025-09-05,18.9
2025-09-06,71.7
2025-09-07,57.3
2025-09-08,31.0
2025-09-09,63.6
2025-09-10,15.3
2025-09-11,82.5
2025-09-12,13.3
2025-09-13,97.2
2025-09-14,39.2
2025-09-15,89.5
2025-09-16,45.3
2025-09-17,7.1
2025-09-18,2.0
2025-09-19,98.2
2025-09-20,96.5
2025-09-21,70.8
2025-09-22,110.5
2025-09-23,14.4
2025-09-24,69.2
2025-09-25,23.7
2025-09-26,9.8
2025-09-27,63.4
2025-09-28,36.9
2025-09-29,7.3
2025-09-30,104.7
2025-10-01,6.6
2025-10-02,12.2
2025-10-03,102.2
2025-10-04,12.1
2025-10-05,115.8
2025-10-06,52.3
2025-10-07,4.7
2025-10-08,16.2
2025-10-09,112.5
2025-10-10,27.9
2025-10-11,26.5
2025-10-12,13.7
2025-10-13,76.9
2025-10-14,81.3
2025-10-15,90.5
2025-10-16,101.5
2025-10-17,110.2
2025-10-18,56.4
2025-10-19,76.3
2025-10-20,62.7
2025-10-21,111.3
2025-10-22,13.0
2025-10-23,64.2
2025-10-24,76.9
2025-10-25,61.7
2025-10-26,99.0
2025-10-27,64.7
2025-10-28,115.9
2025-10-29,117.9
2025-10-30,110.9
2025-10-31,106.2
2025-11-01,6.1
2025-11-02,79.9
2025-11-03,48.0
2025-11-04,65.5
2025-11-05,86.9
2025-11-06,95.1
2025-11-07,94.4
2025-11-08,56.8
2025-11-09,113.7
2025-11-10,57.1
2025-11-11,80.2
2025-11-12,73.8
2025-11-13,50.1
2025-11-14,90.0
2025-11-15,12.2
2025-11-16,93.9
2025-11-17,47.1
2025-11-18,38.9
2025-11-19,105.9
2025-11-20,106.3
2025-11-21,50.7
2025-11-22,15.9
2025-11-23,33.8
2025-11-24,91.3
2025-11-25,54.8
2025-11-26,111.9
2025-11-27,105.5
2025-11-28,85.1
2025-11-29,106.2
2025-11-30,59.5
2025-12-01,93.6
2025-12-02,22.8
2025-12-03,111.2
2025-12-04,100.9
2025-12-05,90.8
2025-12-06,114.9
2025-12-07,83.5
2025-12-08,46.6
2025-12-09,2.7
2025-12-10,91.6
2025-12-11,31.5
2025-12-12,6.3
2025-12-13,20.9
2025-12-14,88.8
2025-12-15,14.2
2025-12-16,53.5
2025-12-17,88.6
2025-12-18,53.4
2025-12-19,80.5
2025-12-20,69.9
2025-12-21,67.2
2025-12-22,96.9
2025-12-23,47.1
2025-12-24,56.6
2025-12-25,75.5
2025-12-26,66.1
2025-12-27,36.3
2025-12-28,36.8
2025-12-29,4.3
2025-12-30,113.8
2025-12-31,107.8
2026-01-01,70.9
2026-01-02,33.9
2026-01-03,77.2
2026-01-04,78.9
2026-01-05,70.4
2026-01-06,36.2
2026-01-07,56.3
2026-01-08,54.2
2026-01-09,115.9
2026-01-10,9.4
2026-01-11,64.4
2026-01-12,43.4
2026-01-13,108.5
2026-01-14,16.5
2026-01-15,100.9
2026-01-16,113.7
2026-01-17,100.6
2026-01-18,40.5
2026-01-19,77.7
2026-01-20,107.1
2026-01-21,29.4
2026-01-22,45.8
2026-01-23,49.6
2026-01-24,61.0
2026-01-25,100.1
2026-01-26,60.9
2026-01-27,63.2
2026-01-28,40.1
2026-01-29,21.4
2026-01-30,53.4
2026-01-31,61.1
2026-02-01,88.1
2026-02-02,24.6
2026-02-03,60.3
2026-02-04,87.0
2026-02-05,33.9
2026-02-06,72.7
2026-02-07,31.4
2026-02-08,54.3
2026-02-09,5.3
2026-02-10,74.3
2026-02-11,8.7
2026-02-12,37.3
2026-02-13,65.9
2026-02-14,108.4
2026-02-15,55.9
2026-02-16,8.2
2026-02-17,37.4
2026-02-18,70.9
2026-02-19,29.9
2026-02-20,38.5
2026-02-21,63.2
2026-02-22,56.9
2026-02-23,38.3
2026-02-24,47.5
2026-02-25,108.3
2026-02-26,29.9
2026-02-27,81.8
2026-02-28,76.3
2026-03-01,73.7
2026-03-02,6.5
2026-03-03,93.6
2026-03-04,85.6
2026-03-05,81.0
2026-03-06,88.5
2026-03-07,68.7
2026-03-08,58.2
2026-03-09,3.5
2026-03-10,99.8
2026-03-11,30.1
2026-03-12,105.0
2026-03-13,13.8
2026-03-14,34.7
2026-03-15,24.5
2026-03-16,26.2
2026-03-17,40.7
2026-03-18,80.0
2026-03-19,24.4
2026-03-20,86.4
2026-03-21,80.2
2026-03-22,40.0
2026-03-23,66.5
2026-03-24,55.7
2026-03-25,111.4
2026-03-26,44.3
2026-03-27,83.2
2026-03-28,62.2
2026-03-29,51.6
2026-03-30,45.8
2026-03-31,2.5
2026-04-01,16.5
2026-04-02,79.6
2026-04-03,102.5
2026-04-04,82.7
2026-04-05,62.3
2026-04-06,92.4
2026-04-07,31.4
2026-04-08,53.9
2026-04-09,64.5
2026-04-10,88.8
2026-04-11,102.5
2026-04-12,79.9
2026-04-13,21.1
2026-04-14,62.8
2026-04-15,113.4
2026-04-16,32.2
2026-04-17,40.0
2026-04-18,54.6
2026-04-19,33.0
2026-04-20,101.9
2026-04-21,120.0
2026-04-22,8.7
2026-04-23,27.2
2026-04-24,32.4
2026-04-25,34.2
2026-04-26,16.7
2026-04-27,78.7
2026-04-28,70.0
2026-04-29,98.8
2026-04-30,2.8
2026-05-01,83.5
2026-05-02,75.8
2026-05-03,77.7
2026-05-04,116.9
2026-05-05,41.8
2026-05-06,25.0
2026-05-07,37.3
2026-05-08,99.3
2026-05-09,107.6
2026-05-10,0.5
2026-05-11,79.5
2026-05-12,20.8
2026-05-13,33.2
2026-05-14,52.2
2026-05-15,13.1
2026-05-16,62.5
2026-05-17,12.3
2026-05-18,64.9
2026-05-19,66.6
2026-05-20,47.3
2026-05-21,117.1
2026-05-22,79.1
2026-05-23,14.9
2026-05-24,40.5
2026-05-25,85.2
2026-05-26,62.3
